,date,statuses.abandoned,statuses.connected,statuses.disconnected,statuses.neverseen,cc
0,2020-10-20,7,6,0,2,MZ
1,2020-10-19,7,6,0,2,MZ
2,2020-10-18,7,6,0,2,MZ
3,2020-10-17,7,6,0,2,MZ
4,2020-10-16,7,6,0,2,MZ
5,2020-10-15,7,6,0,2,MZ
6,2020-10-14,7,6,0,2,MZ
7,2020-10-13,7,6,0,2,MZ
8,2020-10-12,7,6,0,2,MZ
9,2020-10-11,7,6,0,2,MZ
10,2020-10-10,7,6,0,2,MZ
11,2020-10-09,7,6,0,2,MZ
12,2020-10-08,7,6,0,2,MZ
13,2020-10-07,7,6,0,2,MZ
14,2020-10-06,7,6,0,2,MZ
15,2020-10-05,7,6,0,2,MZ
16,2020-10-04,7,6,0,2,MZ
17,2020-10-03,7,6,0,2,MZ
18,2020-10-02,7,6,0,2,MZ
19,2020-10-01,7,6,0,2,MZ
20,2020-09-30,7,6,0,2,MZ
21,2020-09-29,7,6,0,2,MZ
22,2020-09-28,7,6,0,2,MZ
23,2020-09-27,7,6,0,2,MZ
24,2020-09-26,7,6,0,2,MZ
25,2020-09-25,7,6,0,2,MZ
26,2020-09-24,7,6,0,2,MZ
27,2020-09-23,7,6,0,2,MZ
28,2020-09-22,7,6,0,2,MZ
29,2020-09-21,7,6,0,2,MZ
30,2020-09-20,7,6,0,2,MZ
31,2020-09-19,7,6,0,2,MZ
32,2020-09-18,7,6,0,2,MZ
33,2020-09-17,7,6,0,2,MZ
34,2020-09-16,7,6,0,2,MZ
35,2020-09-15,7,6,0,2,MZ
36,2020-09-14,7,6,0,2,MZ
37,2020-09-13,7,6,0,2,MZ
38,2020-09-12,7,6,0,2,MZ
39,2020-09-11,7,6,0,2,MZ
40,2020-09-10,7,6,0,2,MZ
41,2020-09-09,7,5,0,2,MZ
42,2020-09-08,7,5,0,2,MZ
43,2020-09-07,7,5,0,2,MZ
44,2020-09-06,7,5,0,2,MZ
45,2020-09-05,7,5,0,2,MZ
46,2020-09-04,7,5,0,2,MZ
47,2020-09-03,7,5,0,2,MZ
48,2020-09-02,7,5,0,2,MZ
49,2020-09-01,7,5,0,2,MZ
50,2020-08-31,7,5,0,2,MZ
51,2020-08-30,7,5,0,2,MZ
52,2020-08-29,7,5,0,2,MZ
53,2020-08-28,7,5,0,2,MZ
54,2020-08-27,7,5,0,2,MZ
55,2020-08-26,7,5,0,2,MZ
56,2020-08-25,7,5,0,2,MZ
57,2020-08-24,7,5,0,2,MZ
58,2020-08-23,7,5,0,2,MZ
59,2020-08-22,7,5,0,2,MZ
60,2020-08-21,7,5,0,2,MZ
61,2020-08-20,7,5,0,2,MZ
62,2020-08-19,7,5,0,2,MZ
63,2020-08-18,7,5,0,2,MZ
64,2020-08-17,7,5,0,2,MZ
65,2020-08-16,7,5,0,2,MZ
66,2020-08-15,7,5,0,2,MZ
67,2020-08-14,7,5,0,2,MZ
68,2020-08-13,7,5,0,2,MZ
69,2020-08-12,7,5,0,2,MZ
70,2020-08-11,7,5,0,2,MZ
71,2020-08-10,7,4,1,2,MZ
72,2020-08-09,7,5,0,2,MZ
73,2020-08-08,7,5,0,2,MZ
74,2020-08-07,7,5,0,2,MZ
75,2020-08-06,7,5,0,2,MZ
76,2020-08-05,7,5,0,2,MZ
77,2020-08-04,7,5,0,2,MZ
78,2020-08-03,7,5,0,2,MZ
79,2020-08-02,7,5,0,2,MZ
80,2020-08-01,7,5,0,2,MZ
81,2020-07-31,7,5,0,2,MZ
82,2020-07-30,7,5,0,2,MZ
83,2020-07-29,7,5,0,2,MZ
84,2020-07-28,7,5,0,2,MZ
85,2020-07-27,7,5,0,2,MZ
86,2020-07-26,7,5,0,2,MZ
87,2020-07-25,7,5,0,2,MZ
88,2020-07-24,7,5,0,2,MZ
89,2020-07-23,7,5,0,2,MZ
90,2020-07-22,7,5,0,2,MZ
91,2020-07-21,7,5,0,2,MZ
92,2020-07-20,7,5,0,2,MZ
93,2020-07-19,7,5,0,2,MZ
94,2020-07-18,7,5,0,2,MZ
95,2020-07-17,7,5,0,2,MZ
96,2020-07-16,7,5,0,2,MZ
97,2020-07-15,7,5,0,2,MZ
98,2020-07-14,7,5,0,2,MZ
99,2020-07-13,7,5,0,2,MZ
100,2020-07-12,7,5,0,2,MZ
101,2020-07-11,7,5,0,2,MZ
102,2020-07-10,7,5,0,2,MZ
103,2020-07-09,7,5,0,2,MZ
104,2020-07-08,7,5,0,2,MZ
105,2020-07-07,7,5,0,2,MZ
106,2020-07-06,7,5,0,2,MZ
107,2020-07-05,7,5,0,2,MZ
108,2020-07-04,7,5,0,2,MZ
109,2020-07-03,7,5,0,2,MZ
110,2020-07-02,7,5,0,2,MZ
111,2020-07-01,7,5,0,2,MZ
112,2020-06-30,7,5,0,2,MZ
113,2020-06-29,7,5,0,2,MZ
114,2020-06-28,7,5,0,2,MZ
115,2020-06-27,7,5,0,2,MZ
116,2020-06-26,7,5,0,2,MZ
117,2020-06-25,7,5,0,2,MZ
118,2020-06-24,7,5,0,2,MZ
119,2020-06-23,7,5,0,2,MZ
120,2020-06-22,7,5,0,2,MZ
121,2020-06-21,7,5,0,2,MZ
122,2020-06-20,7,5,0,2,MZ
123,2020-06-19,7,5,0,2,MZ
124,2020-06-18,7,5,0,2,MZ
125,2020-06-17,7,5,0,2,MZ
126,2020-06-16,7,5,0,2,MZ
127,2020-06-15,7,5,0,2,MZ
128,2020-06-14,7,5,0,2,MZ
129,2020-06-13,7,5,0,2,MZ
130,2020-06-12,7,5,0,2,MZ
131,2020-06-11,7,5,0,2,MZ
132,2020-06-10,7,5,0,2,MZ
133,2020-06-09,7,5,0,2,MZ
134,2020-06-08,7,5,0,2,MZ
135,2020-06-07,7,5,0,2,MZ
136,2020-06-06,7,5,0,2,MZ
137,2020-06-05,7,5,0,2,MZ
138,2020-06-04,7,5,0,2,MZ
139,2020-06-03,7,5,0,2,MZ
140,2020-06-02,7,5,0,2,MZ
141,2020-06-01,7,5,0,2,MZ
142,2020-05-31,7,5,0,2,MZ
143,2020-05-30,7,5,0,2,MZ
144,2020-05-29,7,5,0,2,MZ
145,2020-05-28,7,5,0,2,MZ
146,2020-05-27,7,5,0,2,MZ
147,2020-05-26,7,5,0,2,MZ
148,2020-05-25,7,5,0,2,MZ
149,2020-05-24,7,5,0,2,MZ
150,2020-05-23,7,5,0,2,MZ
151,2020-05-22,7,5,0,2,MZ
152,2020-05-21,7,5,0,2,MZ
153,2020-05-20,7,5,0,2,MZ
154,2020-05-19,7,5,0,2,MZ
155,2020-05-18,7,5,0,2,MZ
156,2020-05-17,7,5,0,2,MZ
157,2020-05-16,7,5,0,2,MZ
158,2020-05-15,7,5,0,2,MZ
159,2020-05-14,7,5,0,2,MZ
160,2020-05-13,7,5,0,2,MZ
161,2020-05-12,7,5,0,2,MZ
162,2020-05-11,7,5,0,2,MZ
163,2020-05-10,7,5,0,2,MZ
164,2020-05-09,7,5,0,2,MZ
165,2020-05-08,7,5,0,2,MZ
166,2020-05-07,7,5,0,2,MZ
167,2020-05-06,7,4,0,2,MZ
168,2020-05-05,7,4,0,2,MZ
169,2020-05-03,7,4,0,2,MZ
170,2020-05-02,7,4,0,2,MZ
171,2020-05-01,7,4,0,2,MZ
172,2020-04-30,7,4,0,2,MZ
173,2020-04-29,7,4,0,2,MZ
174,2020-04-28,7,4,0,2,MZ
175,2020-04-27,7,4,0,2,MZ
176,2020-04-26,7,4,0,2,MZ
177,2020-04-25,7,4,0,2,MZ
178,2020-04-24,7,4,0,2,MZ
179,2020-04-23,7,4,0,2,MZ
180,2020-04-22,7,4,0,2,MZ
181,2020-04-21,7,4,0,2,MZ
182,2020-04-20,7,4,0,2,MZ
183,2020-04-19,7,4,0,2,MZ
184,2020-04-18,7,4,0,2,MZ
185,2020-04-17,7,4,0,2,MZ
186,2020-04-16,7,4,0,2,MZ
187,2020-04-15,7,4,0,2,MZ
188,2020-04-14,7,4,0,2,MZ
189,2020-04-13,7,4,0,2,MZ
190,2020-04-12,7,4,0,2,MZ
191,2020-04-11,7,4,0,2,MZ
192,2020-04-10,7,4,0,2,MZ
193,2020-04-09,7,4,0,2,MZ
194,2020-04-08,7,4,0,2,MZ
195,2020-04-07,7,4,0,2,MZ
196,2020-04-06,7,4,0,2,MZ
197,2020-04-05,7,4,0,2,MZ
198,2020-04-04,7,4,0,2,MZ
199,2020-04-03,7,4,0,2,MZ
200,2020-04-02,7,4,0,2,MZ
201,2020-04-01,7,4,0,2,MZ
202,2020-03-31,7,4,0,2,MZ
203,2020-03-30,7,4,0,2,MZ
204,2020-03-29,7,4,0,2,MZ
205,2020-03-28,7,4,0,2,MZ
206,2020-03-27,7,4,0,2,MZ
207,2020-03-26,7,4,0,2,MZ
208,2020-03-25,7,4,0,2,MZ
209,2020-03-24,7,4,0,2,MZ
210,2020-03-23,7,4,0,2,MZ
211,2020-03-22,7,4,0,2,MZ
212,2020-03-21,7,4,0,2,MZ
213,2020-03-20,7,4,0,2,MZ
214,2020-03-19,7,4,0,2,MZ
215,2020-03-18,7,4,0,2,MZ
216,2020-03-17,7,4,0,2,MZ
217,2020-03-16,7,4,0,2,MZ
218,2020-03-15,7,4,0,2,MZ
219,2020-03-14,7,4,0,2,MZ
220,2020-03-13,7,4,0,2,MZ
221,2020-03-12,7,4,0,2,MZ
222,2020-03-11,7,4,0,2,MZ
223,2020-03-10,7,4,0,2,MZ
224,2020-03-09,7,4,0,2,MZ
225,2020-03-08,7,4,0,2,MZ
226,2020-03-07,7,4,0,2,MZ
227,2020-03-06,7,4,0,2,MZ
228,2020-03-05,7,4,0,2,MZ
229,2020-03-04,7,4,0,2,MZ
230,2020-03-03,7,4,0,2,MZ
231,2020-03-02,7,4,0,2,MZ
232,2020-03-01,7,4,0,2,MZ
233,2020-02-29,7,4,0,2,MZ
234,2020-02-28,7,4,0,2,MZ
235,2020-02-27,7,4,0,2,MZ
236,2020-02-26,7,4,0,2,MZ
237,2020-02-25,7,4,0,2,MZ
238,2020-02-24,7,4,0,2,MZ
239,2020-02-23,7,4,0,2,MZ
240,2020-02-22,7,3,1,2,MZ
241,2020-02-21,7,4,0,2,MZ
242,2020-02-20,7,4,0,2,MZ
243,2020-02-19,7,4,0,2,MZ
244,2020-02-18,7,4,0,2,MZ
245,2020-02-17,7,4,0,2,MZ
246,2020-02-16,7,4,0,2,MZ
247,2020-02-15,7,4,0,2,MZ
248,2020-02-14,7,4,0,2,MZ
249,2020-02-12,7,4,0,2,MZ
250,2020-02-11,7,4,0,2,MZ
251,2020-02-10,7,4,0,2,MZ
252,2020-02-06,7,4,0,2,MZ
253,2020-02-05,7,4,0,2,MZ
254,2020-02-04,7,4,0,2,MZ
255,2020-02-03,7,4,0,2,MZ
256,2020-02-01,7,4,0,2,MZ
257,2020-01-31,7,4,0,2,MZ
258,2020-01-30,6,4,1,2,MZ
259,2020-01-29,6,4,1,2,MZ
260,2020-01-28,6,4,1,2,MZ
261,2020-01-27,6,4,1,2,MZ
262,2020-01-23,6,4,1,2,MZ
263,2020-01-22,6,4,1,2,MZ
264,2020-01-21,6,4,1,2,MZ
265,2020-01-20,6,4,1,2,MZ
266,2020-01-19,6,4,1,2,MZ
267,2020-01-18,6,4,1,2,MZ
268,2020-01-17,6,4,1,2,MZ
269,2020-01-16,6,4,1,2,MZ
270,2020-01-15,6,4,1,2,MZ
271,2020-01-14,6,4,1,2,MZ
272,2020-01-13,6,4,1,2,MZ
273,2020-01-12,6,4,1,2,MZ
274,2020-01-11,6,4,1,2,MZ
275,2020-01-10,6,4,1,2,MZ
276,2020-01-09,6,4,1,2,MZ
277,2020-01-08,6,4,1,2,MZ
278,2020-01-07,6,4,1,2,MZ
279,2020-01-06,6,4,1,2,MZ
280,2020-01-05,6,4,1,2,MZ
281,2020-01-04,6,4,1,2,MZ
282,2020-01-03,6,4,1,2,MZ
283,2020-01-02,6,4,1,2,MZ
284,2020-01-01,6,4,1,2,MZ
285,2019-12-31,6,4,1,2,MZ
286,2019-12-30,6,4,1,2,MZ
287,2019-12-29,6,4,1,2,MZ
288,2019-12-28,6,4,1,2,MZ
289,2019-12-27,6,4,1,2,MZ
290,2019-12-26,6,4,1,2,MZ
291,2019-12-25,6,4,1,2,MZ
292,2019-12-24,6,4,1,2,MZ
293,2019-12-23,6,4,1,2,MZ
294,2019-12-22,6,4,1,2,MZ
295,2019-12-21,6,4,1,2,MZ
296,2019-12-20,6,4,1,2,MZ
297,2019-12-19,6,4,1,2,MZ
298,2019-12-18,6,4,1,2,MZ
299,2019-12-16,6,4,1,2,MZ
300,2019-12-15,6,4,1,2,MZ
301,2019-12-14,6,4,1,2,MZ
302,2019-12-13,6,4,1,2,MZ
303,2019-12-12,6,4,1,2,MZ
304,2019-12-11,6,4,1,2,MZ
305,2019-12-10,6,4,1,2,MZ
306,2019-12-09,6,4,1,2,MZ
307,2019-12-08,6,4,1,2,MZ
308,2019-12-07,6,4,1,2,MZ
309,2019-12-06,6,4,1,2,MZ
310,2019-12-05,6,4,1,2,MZ
311,2019-12-04,6,4,1,2,MZ
312,2019-12-03,6,4,1,2,MZ
313,2019-12-02,6,4,1,2,MZ
314,2019-12-01,6,4,1,2,MZ
315,2019-11-30,6,4,1,2,MZ
316,2019-11-29,6,4,1,2,MZ
317,2019-11-28,6,4,1,2,MZ
318,2019-11-27,6,4,1,2,MZ
319,2019-11-26,6,4,1,2,MZ
320,2019-11-25,6,4,1,2,MZ
321,2019-11-24,6,4,1,2,MZ
322,2019-11-23,6,4,1,2,MZ
323,2019-11-22,6,4,1,2,MZ
324,2019-11-21,6,4,1,2,MZ
325,2019-11-20,6,4,1,2,MZ
326,2019-11-19,6,4,1,2,MZ
327,2019-11-18,6,4,1,2,MZ
328,2019-11-17,6,4,1,2,MZ
329,2019-11-16,6,4,1,2,MZ
330,2019-11-15,6,4,1,2,MZ
331,2019-11-14,6,4,1,2,MZ
332,2019-11-13,6,4,1,2,MZ
333,2019-11-12,6,4,1,2,MZ
334,2019-11-11,6,4,1,2,MZ
335,2019-11-10,6,4,1,2,MZ
336,2019-11-09,6,4,1,2,MZ
337,2019-11-08,6,4,1,2,MZ
338,2019-11-07,6,4,1,2,MZ
339,2019-11-06,6,4,1,2,MZ
340,2019-11-05,6,4,1,2,MZ
341,2019-11-04,6,4,1,2,MZ
342,2019-11-03,6,4,1,2,MZ
343,2019-11-02,6,4,1,2,MZ
344,2019-11-01,6,4,1,2,MZ
345,2019-10-31,6,4,1,2,MZ
346,2019-10-30,6,5,0,2,MZ
347,2019-10-29,6,5,0,2,MZ
348,2019-10-28,6,5,0,2,MZ
349,2019-10-27,5,5,1,2,MZ
350,2019-10-26,5,5,1,2,MZ
351,2019-10-25,5,5,1,2,MZ
352,2019-10-24,5,5,1,2,MZ
353,2019-10-23,5,5,1,2,MZ
354,2019-10-22,5,5,1,2,MZ
355,2019-10-21,5,5,1,2,MZ
356,2019-10-20,5,5,1,2,MZ
357,2019-10-19,5,5,1,2,MZ
358,2019-10-18,5,5,1,2,MZ
359,2019-10-17,5,5,1,2,MZ
360,2019-10-16,5,5,1,2,MZ
361,2019-10-15,5,5,1,2,MZ
362,2019-10-14,5,5,1,2,MZ
363,2019-10-13,5,5,1,2,MZ
364,2019-10-12,5,5,1,2,MZ
365,2019-10-11,5,5,1,2,MZ
366,2019-10-10,5,5,1,2,MZ
367,2019-10-09,5,5,1,2,MZ
368,2019-10-08,5,5,1,2,MZ
369,2019-10-07,5,5,1,2,MZ
370,2019-10-06,5,5,1,2,MZ
371,2019-10-05,5,5,1,2,MZ
372,2019-10-04,5,5,1,2,MZ
373,2019-10-03,5,5,1,2,MZ
374,2019-10-02,5,5,1,2,MZ
375,2019-10-01,5,5,1,2,MZ
376,2019-09-30,5,5,1,2,MZ
377,2019-09-29,5,5,1,2,MZ
378,2019-09-28,5,5,1,2,MZ
379,2019-09-27,5,5,1,2,MZ
380,2019-09-26,5,5,1,2,MZ
381,2019-09-25,5,5,1,2,MZ
382,2019-09-24,5,5,1,2,MZ
383,2019-09-23,5,5,1,2,MZ
384,2019-09-22,5,5,1,2,MZ
385,2019-09-21,5,5,1,2,MZ
386,2019-09-20,5,5,1,2,MZ
387,2019-09-19,5,5,1,2,MZ
388,2019-09-18,5,5,1,2,MZ
389,2019-09-17,5,5,1,2,MZ
390,2019-09-16,5,5,1,2,MZ
391,2019-09-15,5,5,1,2,MZ
392,2019-09-14,5,5,1,2,MZ
393,2019-09-13,5,5,1,2,MZ
394,2019-09-12,5,5,1,2,MZ
395,2019-09-11,5,5,1,2,MZ
396,2019-09-10,5,5,1,2,MZ
397,2019-09-09,5,5,1,2,MZ
398,2019-09-08,5,5,1,2,MZ
399,2019-09-07,5,5,1,2,MZ
400,2019-09-06,5,5,1,2,MZ
401,2019-09-05,5,5,1,2,MZ
402,2019-09-04,5,5,1,2,MZ
403,2019-09-03,5,5,1,2,MZ
404,2019-09-02,5,5,1,2,MZ
405,2019-09-01,5,5,1,2,MZ
406,2019-08-31,5,5,1,2,MZ
407,2019-08-30,5,5,1,2,MZ
408,2019-08-29,5,5,1,2,MZ
409,2019-08-28,5,5,1,2,MZ
410,2019-08-27,5,5,1,2,MZ
411,2019-08-26,5,5,1,2,MZ
412,2019-08-25,5,5,1,2,MZ
413,2019-08-24,5,5,1,2,MZ
414,2019-08-23,5,5,1,2,MZ
415,2019-08-22,5,5,1,2,MZ
416,2019-08-21,5,5,1,2,MZ
417,2019-08-20,5,5,1,2,MZ
418,2019-08-19,5,5,1,2,MZ
419,2019-08-18,5,5,1,2,MZ
420,2019-08-17,5,5,1,2,MZ
421,2019-08-16,5,5,1,2,MZ
422,2019-08-15,5,5,1,2,MZ
423,2019-08-14,5,5,1,2,MZ
424,2019-08-13,5,5,1,2,MZ
425,2019-08-12,5,5,1,2,MZ
426,2019-08-11,5,5,1,2,MZ
427,2019-08-10,5,5,1,2,MZ
428,2019-08-09,5,5,1,2,MZ
429,2019-08-08,5,5,1,2,MZ
430,2019-08-07,5,5,1,2,MZ
431,2019-08-06,5,5,1,2,MZ
432,2019-08-05,5,5,1,2,MZ
433,2019-08-04,5,5,1,2,MZ
434,2019-08-03,5,5,1,2,MZ
435,2019-08-02,5,5,1,2,MZ
436,2019-08-01,5,5,1,2,MZ
437,2019-07-31,5,5,1,2,MZ
438,2019-07-30,5,5,1,2,MZ
439,2019-07-29,5,5,1,2,MZ
440,2019-07-28,5,6,0,2,MZ
441,2019-07-27,5,6,0,2,MZ
442,2019-07-26,5,6,0,2,MZ
443,2019-07-25,5,6,0,2,MZ
444,2019-07-24,5,6,0,2,MZ
445,2019-07-23,5,6,0,2,MZ
446,2019-07-22,5,6,0,2,MZ
447,2019-07-21,5,6,0,2,MZ
448,2019-07-20,5,6,0,2,MZ
449,2019-07-19,5,6,0,2,MZ
450,2019-07-18,5,6,0,2,MZ
451,2019-07-17,5,6,0,2,MZ
452,2019-07-16,5,6,0,2,MZ
453,2019-07-15,5,6,0,2,MZ
454,2019-07-14,5,6,0,2,MZ
455,2019-07-13,5,6,0,2,MZ
456,2019-07-12,5,6,0,2,MZ
457,2019-07-11,5,6,0,2,MZ
458,2019-07-10,5,6,0,2,MZ
459,2019-07-09,5,6,0,2,MZ
460,2019-07-08,5,6,0,2,MZ
461,2019-07-07,5,6,0,2,MZ
462,2019-07-06,5,6,0,2,MZ
463,2019-07-05,5,6,0,2,MZ
464,2019-07-04,5,6,0,2,MZ
465,2019-07-03,5,6,0,2,MZ
466,2019-07-02,5,6,0,2,MZ
467,2019-07-01,5,6,0,2,MZ
468,2019-06-30,5,6,0,2,MZ
469,2019-06-29,5,6,0,2,MZ
470,2019-06-28,5,6,0,2,MZ
471,2019-06-27,5,6,0,2,MZ
472,2019-06-26,5,6,0,2,MZ
473,2019-06-25,5,6,0,2,MZ
474,2019-06-24,5,6,0,2,MZ
475,2019-06-23,5,6,0,2,MZ
476,2019-06-22,5,6,0,2,MZ
477,2019-06-21,5,6,0,2,MZ
478,2019-06-20,5,6,0,2,MZ
479,2019-06-19,5,6,0,2,MZ
480,2019-06-18,5,6,0,2,MZ
481,2019-06-17,5,6,0,2,MZ
482,2019-06-16,5,6,0,2,MZ
483,2019-06-15,5,6,0,2,MZ
484,2019-06-14,5,6,0,2,MZ
485,2019-06-13,5,6,0,2,MZ
486,2019-06-12,5,6,0,2,MZ
487,2019-06-11,5,6,0,2,MZ
488,2019-06-10,5,6,0,2,MZ
489,2019-06-09,5,6,0,2,MZ
490,2019-06-08,5,6,0,2,MZ
491,2019-06-07,5,6,0,2,MZ
492,2019-06-06,5,6,0,2,MZ
493,2019-06-05,5,6,0,2,MZ
494,2019-06-04,5,6,0,2,MZ
495,2019-06-03,5,6,0,2,MZ
496,2019-06-02,5,6,0,2,MZ
497,2019-06-01,5,6,0,2,MZ
498,2019-05-31,5,6,0,2,MZ
499,2019-05-30,5,6,0,2,MZ
500,2019-05-29,5,6,0,2,MZ
501,2019-05-28,5,6,0,2,MZ
502,2019-05-27,5,6,0,2,MZ
503,2019-05-26,5,6,0,2,MZ
504,2019-05-25,5,6,0,2,MZ
505,2019-05-24,5,6,0,2,MZ
506,2019-05-23,5,6,0,2,MZ
507,2019-05-22,5,5,1,2,MZ
508,2019-05-21,5,5,1,2,MZ
509,2019-05-20,5,5,1,2,MZ
510,2019-05-19,5,5,1,2,MZ
511,2019-05-18,5,5,1,2,MZ
512,2019-05-17,5,5,1,2,MZ
513,2019-05-16,5,5,1,2,MZ
514,2019-05-15,5,5,1,2,MZ
515,2019-05-14,5,5,1,2,MZ
516,2019-05-13,5,6,0,2,MZ
517,2019-05-12,5,6,0,2,MZ
518,2019-05-11,5,6,0,2,MZ
519,2019-05-10,5,6,0,2,MZ
520,2019-05-09,5,6,0,2,MZ
521,2019-05-08,5,6,0,2,MZ
522,2019-05-07,5,6,0,2,MZ
523,2019-05-06,5,6,0,2,MZ
524,2019-05-05,5,6,0,2,MZ
525,2019-05-04,5,5,1,2,MZ
526,2019-05-03,5,6,0,2,MZ
527,2019-05-02,5,6,0,2,MZ
528,2019-05-01,5,6,0,2,MZ
529,2019-04-30,5,6,0,2,MZ
530,2019-04-29,5,6,0,2,MZ
531,2019-04-28,5,6,0,2,MZ
532,2019-04-27,5,6,0,2,MZ
533,2019-04-26,5,6,0,2,MZ
534,2019-04-25,5,6,0,2,MZ
535,2019-04-24,5,6,0,2,MZ
536,2019-04-23,5,6,0,2,MZ
537,2019-04-22,5,6,0,2,MZ
538,2019-04-21,5,6,0,2,MZ
539,2019-04-20,5,6,0,2,MZ
540,2019-04-19,5,6,0,2,MZ
541,2019-04-18,5,6,0,2,MZ
542,2019-04-17,5,6,0,2,MZ
543,2019-04-16,5,6,0,2,MZ
544,2019-04-15,5,6,0,2,MZ
545,2019-04-14,5,6,0,2,MZ
546,2019-04-13,5,6,0,2,MZ
547,2019-04-12,5,6,0,2,MZ
548,2019-04-11,5,6,0,2,MZ
549,2019-04-10,5,6,0,2,MZ
550,2019-04-09,5,6,0,2,MZ
551,2019-04-08,5,6,0,2,MZ
552,2019-04-07,5,6,0,2,MZ
553,2019-04-06,5,6,0,2,MZ
554,2019-04-05,5,6,0,2,MZ
555,2019-04-04,5,6,0,2,MZ
556,2019-04-03,5,6,0,2,MZ
557,2019-04-02,5,6,0,2,MZ
558,2019-04-01,5,6,0,2,MZ
559,2019-03-31,5,6,0,2,MZ
560,2019-03-30,5,5,1,2,MZ
561,2019-03-29,5,6,0,2,MZ
562,2019-03-28,5,6,0,2,MZ
563,2019-03-27,5,6,0,2,MZ
564,2019-03-26,5,6,0,2,MZ
565,2019-03-25,5,6,0,2,MZ
566,2019-03-24,5,6,0,2,MZ
567,2019-03-23,5,6,0,2,MZ
568,2019-03-22,5,6,0,2,MZ
569,2019-03-21,5,6,0,2,MZ
570,2019-03-20,5,6,0,2,MZ
571,2019-03-19,5,6,0,2,MZ
572,2019-03-18,5,6,0,2,MZ
573,2019-03-17,5,6,0,2,MZ
574,2019-03-16,5,6,0,2,MZ
575,2019-03-15,5,6,0,2,MZ
576,2019-03-14,5,6,0,2,MZ
577,2019-03-13,5,6,0,2,MZ
578,2019-03-12,5,6,0,2,MZ
579,2019-03-11,5,6,0,2,MZ
580,2019-03-10,5,6,0,2,MZ
581,2019-03-09,5,6,0,2,MZ
582,2019-03-08,5,6,0,2,MZ
583,2019-03-07,5,6,0,2,MZ
584,2019-03-06,5,6,0,2,MZ
585,2019-03-05,5,6,0,2,MZ
586,2019-03-04,5,6,0,2,MZ
587,2019-03-03,5,6,0,2,MZ
588,2019-03-02,5,6,0,2,MZ
589,2019-03-01,5,6,0,2,MZ
590,2019-02-28,5,6,0,2,MZ
591,2019-02-27,5,6,0,2,MZ
592,2019-02-26,5,5,1,2,MZ
593,2019-02-25,5,6,0,2,MZ
594,2019-02-24,5,6,0,2,MZ
595,2019-02-23,5,6,0,2,MZ
596,2019-02-22,5,6,0,2,MZ
597,2019-02-21,5,6,0,2,MZ
598,2019-02-20,5,6,0,2,MZ
599,2019-02-19,5,6,0,2,MZ
600,2019-02-18,5,6,0,2,MZ
601,2019-02-17,5,6,0,2,MZ
602,2019-02-16,5,6,0,2,MZ
603,2019-02-15,5,6,0,2,MZ
604,2019-02-14,5,6,0,2,MZ
605,2019-02-13,5,6,0,2,MZ
606,2019-02-12,5,6,0,2,MZ
607,2019-02-11,5,6,0,2,MZ
608,2019-02-10,5,6,0,2,MZ
609,2019-02-09,5,6,0,2,MZ
610,2019-02-08,5,6,0,2,MZ
611,2019-02-07,5,6,0,2,MZ
612,2019-02-06,5,6,0,2,MZ
613,2019-02-05,5,6,0,2,MZ
614,2019-02-04,5,6,0,2,MZ
615,2019-02-03,5,6,0,2,MZ
616,2019-02-02,5,6,0,2,MZ
617,2019-02-01,5,6,0,2,MZ
618,2019-01-31,5,6,0,2,MZ
619,2019-01-30,5,6,0,2,MZ
620,2019-01-29,5,6,0,2,MZ
621,2019-01-28,5,6,0,2,MZ
622,2019-01-27,5,6,0,2,MZ
623,2019-01-26,5,6,0,2,MZ
624,2019-01-25,5,6,0,2,MZ
625,2019-01-24,5,6,0,2,MZ
626,2019-01-23,5,6,0,2,MZ
627,2019-01-22,5,6,0,2,MZ
628,2019-01-21,5,6,0,2,MZ
629,2019-01-20,5,6,0,2,MZ
630,2019-01-19,5,6,0,2,MZ
631,2019-01-18,5,6,0,2,MZ
632,2019-01-17,5,6,0,2,MZ
633,2019-01-16,5,6,0,2,MZ
634,2019-01-15,4,6,1,2,MZ
635,2019-01-14,4,6,1,2,MZ
636,2019-01-13,4,6,1,2,MZ
637,2019-01-12,4,6,1,2,MZ
638,2019-01-11,4,6,1,2,MZ
639,2019-01-10,4,6,1,2,MZ
640,2019-01-09,4,6,1,2,MZ
641,2019-01-08,4,6,1,2,MZ
642,2019-01-07,4,6,1,2,MZ
643,2019-01-06,4,6,1,2,MZ
644,2019-01-05,4,6,1,2,MZ
645,2019-01-04,4,6,1,2,MZ
646,2019-01-03,4,6,1,2,MZ
647,2019-01-02,4,6,1,2,MZ
648,2019-01-01,4,6,1,2,MZ
649,2018-12-31,4,6,1,2,MZ
650,2018-12-30,4,6,1,2,MZ
651,2018-12-29,4,6,1,2,MZ
652,2018-12-28,4,6,1,2,MZ
653,2018-12-27,4,6,1,2,MZ
654,2018-12-26,4,6,1,2,MZ
655,2018-12-25,4,6,1,2,MZ
656,2018-12-24,4,6,1,2,MZ
657,2018-12-23,4,6,1,2,MZ
658,2018-12-22,4,6,1,2,MZ
659,2018-12-21,4,6,1,2,MZ
660,2018-12-20,4,6,1,2,MZ
661,2018-12-19,4,6,1,2,MZ
662,2018-12-18,4,6,1,2,MZ
663,2018-12-17,4,6,1,2,MZ
664,2018-12-16,4,6,1,2,MZ
665,2018-12-15,4,6,1,2,MZ
666,2018-12-14,4,6,1,2,MZ
667,2018-12-13,4,6,1,2,MZ
668,2018-12-12,4,6,1,2,MZ
669,2018-12-11,4,6,1,2,MZ
670,2018-12-10,4,6,1,2,MZ
671,2018-12-09,4,6,1,2,MZ
672,2018-12-08,4,6,1,2,MZ
673,2018-12-07,4,6,1,2,MZ
674,2018-12-06,4,6,1,2,MZ
675,2018-12-05,4,6,1,2,MZ
676,2018-12-04,4,6,1,2,MZ
677,2018-12-03,4,6,1,2,MZ
678,2018-12-02,4,6,1,2,MZ
679,2018-12-01,4,6,1,2,MZ
680,2018-11-30,4,6,1,2,MZ
681,2018-11-29,4,6,1,2,MZ
682,2018-11-28,4,6,1,2,MZ
683,2018-11-27,4,6,1,2,MZ
684,2018-11-26,4,6,1,2,MZ
685,2018-11-25,4,6,1,2,MZ
686,2018-11-24,4,6,1,2,MZ
687,2018-11-23,4,6,1,2,MZ
688,2018-11-22,4,6,1,2,MZ
689,2018-11-21,4,6,1,2,MZ
690,2018-11-20,4,6,1,2,MZ
691,2018-11-19,4,6,1,2,MZ
692,2018-11-18,4,6,1,2,MZ
693,2018-11-17,4,6,1,2,MZ
694,2018-11-16,4,6,1,2,MZ
695,2018-11-15,4,6,1,2,MZ
696,2018-11-14,4,6,1,2,MZ
697,2018-11-13,4,6,1,2,MZ
698,2018-11-12,4,6,1,2,MZ
699,2018-11-11,4,6,1,2,MZ
700,2018-11-10,4,6,1,2,MZ
701,2018-11-09,4,6,1,2,MZ
702,2018-11-08,4,6,1,2,MZ
703,2018-11-07,4,6,1,2,MZ
704,2018-11-06,4,6,1,2,MZ
705,2018-11-05,4,6,1,2,MZ
706,2018-11-04,4,6,1,2,MZ
707,2018-11-03,4,6,1,2,MZ
708,2018-11-02,4,6,1,2,MZ
709,2018-11-01,4,6,1,2,MZ
710,2018-10-31,4,6,1,2,MZ
711,2018-10-30,4,6,1,2,MZ
712,2018-10-29,4,6,1,2,MZ
713,2018-10-28,4,6,1,2,MZ
714,2018-10-27,4,6,1,2,MZ
715,2018-10-26,4,6,1,2,MZ
716,2018-10-25,4,6,1,2,MZ
717,2018-10-24,4,6,1,2,MZ
718,2018-10-23,4,6,1,2,MZ
719,2018-10-22,4,6,1,2,MZ
720,2018-10-21,4,6,1,2,MZ
721,2018-10-20,4,6,1,2,MZ
722,2018-10-19,4,6,1,2,MZ
723,2018-10-18,4,6,1,2,MZ
724,2018-10-17,4,6,1,2,MZ
725,2018-10-16,4,7,0,2,MZ
726,2018-10-15,4,7,0,2,MZ
727,2018-10-14,4,7,0,2,MZ
728,2018-10-13,4,7,0,2,MZ
729,2018-10-12,4,7,0,2,MZ
730,2018-10-11,4,7,0,2,MZ
731,2018-10-10,4,7,0,2,MZ
732,2018-10-09,4,7,0,2,MZ
733,2018-10-08,4,7,0,2,MZ
734,2018-10-07,4,7,0,2,MZ
735,2018-10-06,4,7,0,2,MZ
736,2018-10-05,4,7,0,2,MZ
737,2018-10-04,4,7,0,2,MZ
738,2018-10-03,4,7,0,2,MZ
739,2018-10-02,4,7,0,2,MZ
740,2018-10-01,4,7,0,2,MZ
741,2018-09-30,4,7,0,2,MZ
742,2018-09-29,4,7,0,2,MZ
743,2018-09-28,4,7,0,2,MZ
744,2018-09-27,4,7,0,2,MZ
745,2018-09-26,4,6,1,2,MZ
746,2018-09-25,4,7,0,2,MZ
747,2018-09-24,4,7,0,2,MZ
748,2018-09-23,4,7,0,2,MZ
749,2018-09-22,4,7,0,2,MZ
750,2018-09-21,4,7,0,2,MZ
751,2018-09-20,4,7,0,2,MZ
752,2018-09-19,4,7,0,2,MZ
753,2018-09-18,4,7,0,2,MZ
754,2018-09-17,4,7,0,2,MZ
755,2018-09-16,4,6,1,2,MZ
756,2018-09-15,4,6,1,2,MZ
757,2018-09-14,4,6,1,2,MZ
758,2018-09-13,4,6,1,2,MZ
759,2018-09-12,4,7,0,2,MZ
760,2018-09-11,4,7,0,2,MZ
761,2018-09-10,4,7,0,2,MZ
762,2018-09-09,4,7,0,2,MZ
763,2018-09-08,4,7,0,2,MZ
764,2018-09-07,4,7,0,2,MZ
765,2018-09-06,4,7,0,2,MZ
766,2018-09-05,4,7,0,2,MZ
767,2018-09-04,4,7,0,2,MZ
768,2018-09-03,4,7,0,2,MZ
769,2018-09-02,4,7,0,2,MZ
770,2018-09-01,4,7,0,2,MZ
771,2018-08-31,4,7,0,2,MZ
772,2018-08-30,4,7,0,2,MZ
773,2018-08-29,4,7,0,2,MZ
774,2018-08-28,4,7,0,2,MZ
775,2018-08-27,4,7,0,2,MZ
776,2018-08-26,4,6,1,2,MZ
777,2018-08-25,4,7,0,2,MZ
778,2018-08-24,4,7,0,2,MZ
779,2018-08-23,4,7,0,2,MZ
780,2018-08-22,4,7,0,2,MZ
781,2018-08-21,4,6,1,2,MZ
782,2018-08-20,4,7,0,2,MZ
783,2018-08-19,4,7,0,2,MZ
784,2018-08-18,4,7,0,2,MZ
785,2018-08-17,4,7,0,2,MZ
786,2018-08-16,4,7,0,2,MZ
787,2018-08-15,4,7,0,2,MZ
788,2018-08-14,4,7,0,2,MZ
789,2018-08-13,4,7,0,2,MZ
790,2018-08-12,4,7,0,2,MZ
791,2018-08-11,4,7,0,2,MZ
792,2018-08-10,4,7,0,2,MZ
793,2018-08-09,4,7,0,2,MZ
794,2018-08-08,4,7,0,2,MZ
795,2018-08-07,4,7,0,2,MZ
796,2018-08-06,4,7,0,2,MZ
797,2018-08-05,4,7,0,2,MZ
798,2018-08-04,4,7,0,2,MZ
799,2018-08-03,4,7,0,2,MZ
800,2018-08-02,4,7,0,2,MZ
801,2018-08-01,4,7,0,2,MZ
802,2018-07-31,4,7,0,2,MZ
803,2018-07-30,4,7,0,2,MZ
804,2018-07-29,4,7,0,2,MZ
805,2018-07-28,4,7,0,2,MZ
806,2018-07-27,4,7,0,2,MZ
807,2018-07-26,4,7,0,2,MZ
808,2018-07-25,4,7,0,2,MZ
809,2018-07-24,4,7,0,2,MZ
810,2018-07-23,4,7,0,2,MZ
811,2018-07-22,4,7,0,2,MZ
812,2018-07-21,4,7,0,2,MZ
813,2018-07-20,4,7,0,2,MZ
814,2018-07-19,4,7,0,2,MZ
815,2018-07-18,4,7,0,2,MZ
816,2018-07-17,4,7,0,2,MZ
817,2018-07-16,4,7,0,2,MZ
818,2018-07-15,4,7,0,2,MZ
819,2018-07-14,4,7,0,2,MZ
820,2018-07-13,4,7,0,2,MZ
821,2018-07-12,4,7,0,2,MZ
822,2018-07-11,4,7,0,2,MZ
823,2018-07-10,4,7,0,2,MZ
824,2018-07-09,4,7,0,2,MZ
825,2018-07-08,4,7,0,2,MZ
826,2018-07-07,4,7,0,2,MZ
827,2018-07-06,4,7,0,2,MZ
828,2018-07-05,4,7,0,2,MZ
829,2018-07-04,4,7,0,2,MZ
830,2018-07-03,4,7,0,2,MZ
831,2018-07-02,4,7,0,2,MZ
832,2018-07-01,4,7,0,2,MZ
833,2018-06-30,4,7,0,2,MZ
834,2018-06-29,4,7,0,2,MZ
835,2018-06-28,4,7,0,2,MZ
836,2018-06-27,4,7,0,2,MZ
837,2018-06-26,4,7,0,2,MZ
838,2018-06-25,4,7,0,2,MZ
839,2018-06-24,4,7,0,2,MZ
840,2018-06-23,4,7,0,2,MZ
841,2018-06-22,4,7,0,2,MZ
842,2018-06-21,4,7,0,2,MZ
843,2018-06-20,4,7,0,2,MZ
844,2018-06-19,4,7,0,2,MZ
845,2018-06-18,4,7,0,2,MZ
846,2018-06-17,4,7,0,2,MZ
847,2018-06-16,4,7,0,2,MZ
848,2018-06-15,4,7,0,2,MZ
849,2018-06-14,4,7,0,2,MZ
850,2018-06-13,4,7,0,2,MZ
851,2018-06-12,4,7,0,2,MZ
852,2018-06-11,4,7,0,2,MZ
853,2018-06-10,4,6,1,2,MZ
854,2018-06-09,4,6,1,2,MZ
855,2018-06-08,4,6,1,2,MZ
856,2018-06-07,4,7,0,2,MZ
857,2018-06-06,4,7,0,2,MZ
858,2018-06-05,4,7,0,2,MZ
859,2018-06-04,4,7,0,2,MZ
860,2018-06-03,4,7,0,2,MZ
861,2018-06-02,4,7,0,2,MZ
862,2018-06-01,4,7,0,2,MZ
863,2018-05-31,4,7,0,2,MZ
864,2018-05-30,4,7,0,2,MZ
865,2018-05-29,4,7,0,2,MZ
866,2018-05-28,4,7,0,2,MZ
867,2018-05-27,4,7,0,2,MZ
868,2018-05-26,4,7,0,2,MZ
869,2018-05-25,4,7,0,2,MZ
870,2018-05-24,4,7,0,2,MZ
871,2018-05-23,4,7,0,2,MZ
872,2018-05-22,4,7,0,2,MZ
873,2018-05-21,4,7,0,2,MZ
874,2018-05-20,4,7,0,2,MZ
875,2018-05-19,4,7,0,2,MZ
876,2018-05-18,4,7,0,2,MZ
877,2018-05-17,4,7,0,2,MZ
878,2018-05-16,4,7,0,2,MZ
879,2018-05-15,4,7,0,2,MZ
880,2018-05-14,4,7,0,2,MZ
881,2018-05-13,4,7,0,2,MZ
882,2018-05-12,4,7,0,2,MZ
883,2018-05-11,4,7,0,2,MZ
884,2018-05-10,4,7,0,2,MZ
885,2018-05-09,4,7,0,2,MZ
886,2018-05-08,4,7,0,2,MZ
887,2018-05-07,4,7,0,2,MZ
888,2018-05-06,4,7,0,2,MZ
889,2018-05-05,4,7,0,2,MZ
890,2018-05-04,4,7,0,2,MZ
891,2018-05-03,4,7,0,2,MZ
892,2018-05-02,4,7,0,2,MZ
893,2018-05-01,4,7,0,2,MZ
894,2018-04-30,4,7,0,2,MZ
895,2018-04-29,4,7,0,2,MZ
896,2018-04-28,4,7,0,2,MZ
897,2018-04-27,4,7,0,2,MZ
898,2018-04-26,4,7,0,2,MZ
899,2018-04-25,4,7,0,2,MZ
900,2018-04-24,4,7,0,2,MZ
901,2018-04-23,4,7,0,2,MZ
902,2018-04-22,4,7,0,2,MZ
903,2018-04-21,4,7,0,2,MZ
904,2018-04-20,4,7,0,2,MZ
905,2018-04-19,4,7,0,2,MZ
906,2018-04-18,4,7,0,2,MZ
907,2018-04-17,4,7,0,2,MZ
908,2018-04-16,4,7,0,2,MZ
909,2018-04-15,4,7,0,2,MZ
910,2018-04-14,4,7,0,2,MZ
911,2018-04-13,4,7,0,2,MZ
912,2018-04-12,4,7,0,2,MZ
913,2018-04-11,4,7,0,2,MZ
914,2018-04-10,4,7,0,2,MZ
915,2018-04-09,4,7,0,2,MZ
916,2018-04-08,4,7,0,2,MZ
917,2018-04-07,4,7,0,2,MZ
918,2018-04-06,4,7,0,2,MZ
919,2018-04-05,4,7,0,2,MZ
920,2018-04-04,4,7,0,2,MZ
921,2018-04-03,4,7,0,2,MZ
922,2018-04-02,4,7,0,2,MZ
923,2018-04-01,4,7,0,2,MZ
924,2018-03-31,4,7,0,2,MZ
925,2018-03-30,4,7,0,2,MZ
926,2018-03-29,4,7,0,2,MZ
927,2018-03-28,4,7,0,2,MZ
928,2018-03-27,4,7,0,2,MZ
929,2018-03-21,4,7,0,2,MZ
930,2018-03-20,4,7,0,2,MZ
931,2018-03-19,4,7,0,2,MZ
932,2018-03-18,4,7,0,2,MZ
933,2018-03-17,4,7,0,2,MZ
934,2018-03-16,4,7,0,2,MZ
935,2018-03-15,4,7,0,2,MZ
936,2018-03-14,4,7,0,2,MZ
937,2018-03-13,4,7,0,2,MZ
938,2018-03-12,4,7,0,2,MZ
939,2018-03-11,4,7,0,2,MZ
940,2018-03-10,4,7,0,2,MZ
941,2018-03-09,4,7,0,2,MZ
942,2018-03-08,4,7,0,2,MZ
943,2018-03-07,4,7,0,2,MZ
944,2018-03-06,4,7,0,2,MZ
945,2018-03-05,4,7,0,2,MZ
946,2018-03-04,4,7,0,2,MZ
947,2018-03-03,4,7,0,2,MZ
948,2018-03-02,4,7,0,2,MZ
949,2018-03-01,4,7,0,2,MZ
950,2018-02-28,4,7,0,2,MZ
951,2018-02-27,4,7,0,2,MZ
952,2018-02-26,4,7,0,2,MZ
953,2018-02-25,4,7,0,2,MZ
954,2018-02-24,4,7,0,2,MZ
955,2018-02-23,4,7,0,2,MZ
956,2018-02-22,4,7,0,2,MZ
957,2018-02-21,4,7,0,2,MZ
958,2018-02-20,4,7,0,2,MZ
959,2018-02-19,4,7,0,2,MZ
960,2018-02-18,4,7,0,2,MZ
961,2018-02-17,4,7,0,2,MZ
962,2018-02-16,4,7,0,2,MZ
963,2018-02-15,4,7,0,2,MZ
964,2018-02-14,4,7,0,2,MZ
965,2018-02-13,4,7,0,2,MZ
966,2018-02-12,4,7,0,2,MZ
967,2018-02-11,4,7,0,2,MZ
968,2018-02-10,4,7,0,2,MZ
969,2018-02-09,4,7,0,2,MZ
970,2018-02-08,4,7,0,2,MZ
971,2018-02-07,4,7,0,2,MZ
972,2018-02-06,4,7,0,2,MZ
973,2018-02-05,4,7,0,2,MZ
974,2018-02-04,4,7,0,2,MZ
975,2018-02-03,4,7,0,2,MZ
976,2018-02-02,4,7,0,2,MZ
977,2018-02-01,4,7,0,2,MZ
978,2018-01-31,4,7,0,2,MZ
979,2018-01-30,4,7,0,2,MZ
980,2018-01-29,4,7,0,2,MZ
981,2018-01-28,4,7,0,2,MZ
982,2018-01-27,4,7,0,2,MZ
983,2018-01-26,4,7,0,2,MZ
984,2018-01-25,4,7,0,2,MZ
985,2018-01-24,4,7,0,2,MZ
986,2018-01-23,4,7,0,2,MZ
987,2018-01-22,4,7,0,2,MZ
988,2018-01-21,4,7,0,2,MZ
989,2018-01-20,4,7,0,2,MZ
990,2018-01-19,4,7,0,2,MZ
991,2018-01-18,4,7,0,2,MZ
992,2018-01-17,4,7,0,2,MZ
993,2018-01-16,4,7,0,2,MZ
994,2018-01-15,4,7,0,2,MZ
995,2018-01-14,4,7,0,2,MZ
996,2018-01-13,4,7,0,2,MZ
997,2018-01-12,4,7,0,2,MZ
998,2018-01-11,4,7,0,2,MZ
999,2018-01-10,4,7,0,2,MZ
1000,2018-01-09,4,7,0,2,MZ
1001,2018-01-08,4,7,0,2,MZ
1002,2018-01-07,4,7,0,2,MZ
1003,2018-01-06,4,7,0,2,MZ
1004,2018-01-05,4,7,0,2,MZ
1005,2018-01-04,4,7,0,2,MZ
1006,2018-01-03,4,7,0,2,MZ
1007,2018-01-02,4,7,0,2,MZ
1008,2018-01-01,4,7,0,2,MZ
1009,2017-12-31,4,7,0,2,MZ
1010,2017-12-30,4,7,0,2,MZ
1011,2017-12-29,4,7,0,2,MZ
1012,2017-12-28,4,7,0,2,MZ
1013,2017-12-27,4,7,0,2,MZ
1014,2017-12-26,4,7,0,2,MZ
1015,2017-12-25,4,7,0,2,MZ
1016,2017-12-24,4,7,0,2,MZ
1017,2017-12-23,4,7,0,2,MZ
1018,2017-12-22,4,7,0,2,MZ
1019,2017-12-21,4,7,0,2,MZ
1020,2017-12-20,4,7,0,2,MZ
1021,2017-12-19,4,7,0,2,MZ
1022,2017-12-18,4,7,0,2,MZ
1023,2017-12-17,4,7,0,2,MZ
1024,2017-12-16,4,7,0,2,MZ
1025,2017-12-15,4,7,0,2,MZ
1026,2017-12-14,4,7,0,2,MZ
1027,2017-12-13,4,7,0,2,MZ
1028,2017-12-12,4,7,0,2,MZ
1029,2017-12-11,4,7,0,2,MZ
1030,2017-12-10,4,7,0,2,MZ
1031,2017-12-09,4,7,0,2,MZ
1032,2017-12-08,4,7,0,2,MZ
1033,2017-12-07,4,7,0,2,MZ
1034,2017-12-06,4,7,0,2,MZ
1035,2017-12-05,4,7,0,2,MZ
1036,2017-12-04,4,7,0,2,MZ
1037,2017-12-03,4,7,0,2,MZ
1038,2017-12-02,4,7,0,2,MZ
1039,2017-12-01,4,7,0,2,MZ
1040,2017-11-30,4,7,0,2,MZ
1041,2017-11-29,4,7,0,2,MZ
1042,2017-11-28,4,7,0,2,MZ
1043,2017-11-27,4,7,0,2,MZ
1044,2017-11-26,4,7,0,2,MZ
1045,2017-11-25,4,7,0,2,MZ
1046,2017-11-24,4,7,0,2,MZ
1047,2017-11-23,4,7,0,2,MZ
1048,2017-11-22,4,7,0,2,MZ
1049,2017-11-21,4,7,0,2,MZ
1050,2017-11-20,4,7,0,2,MZ
1051,2017-11-19,4,7,0,2,MZ
1052,2017-11-18,4,7,0,2,MZ
1053,2017-11-17,4,7,0,2,MZ
1054,2017-11-16,4,7,0,2,MZ
1055,2017-11-15,4,7,0,2,MZ
1056,2017-11-14,4,7,0,2,MZ
1057,2017-11-13,4,7,0,2,MZ
1058,2017-11-12,4,7,0,2,MZ
1059,2017-11-11,4,7,0,2,MZ
1060,2017-11-10,4,7,0,2,MZ
1061,2017-11-09,4,7,0,2,MZ
1062,2017-11-08,3,7,1,2,MZ
1063,2017-11-07,3,7,1,2,MZ
1064,2017-11-06,3,7,1,2,MZ
1065,2017-11-05,3,7,1,2,MZ
1066,2017-11-04,3,7,1,2,MZ
1067,2017-11-03,3,7,1,2,MZ
1068,2017-11-02,3,7,1,2,MZ
1069,2017-11-01,3,7,1,2,MZ
1070,2017-10-31,3,7,1,2,MZ
1071,2017-10-30,3,7,1,2,MZ
1072,2017-10-29,3,7,1,2,MZ
1073,2017-10-28,3,7,1,2,MZ
1074,2017-10-27,3,7,1,2,MZ
1075,2017-10-26,3,7,1,2,MZ
1076,2017-10-25,3,7,1,2,MZ
1077,2017-10-24,3,7,1,2,MZ
1078,2017-10-23,3,7,1,2,MZ
1079,2017-10-22,3,7,1,2,MZ
1080,2017-10-21,3,7,1,2,MZ
1081,2017-10-20,3,7,1,2,MZ
1082,2017-10-19,3,7,1,2,MZ
1083,2017-10-18,3,7,1,2,MZ
1084,2017-10-17,3,7,1,2,MZ
1085,2017-10-16,3,7,1,2,MZ
1086,2017-10-15,3,7,1,2,MZ
1087,2017-10-14,3,7,1,2,MZ
1088,2017-10-13,3,7,1,2,MZ
1089,2017-10-12,3,7,1,2,MZ
1090,2017-10-11,3,7,1,2,MZ
1091,2017-10-10,3,7,1,2,MZ
1092,2017-10-09,3,7,1,2,MZ
1093,2017-10-08,3,7,1,2,MZ
1094,2017-10-07,3,7,1,2,MZ
1095,2017-10-06,3,7,1,2,MZ
1096,2017-10-05,3,7,1,2,MZ
1097,2017-10-04,3,7,1,2,MZ
1098,2017-10-03,3,7,1,2,MZ
1099,2017-10-02,3,7,1,2,MZ
1100,2017-10-01,3,7,1,2,MZ
1101,2017-09-30,3,7,1,2,MZ
1102,2017-09-29,3,7,1,2,MZ
1103,2017-09-28,3,7,1,2,MZ
1104,2017-09-27,3,7,1,2,MZ
1105,2017-09-26,3,7,1,2,MZ
1106,2017-09-25,3,7,1,2,MZ
1107,2017-09-24,3,7,1,2,MZ
1108,2017-09-23,3,7,1,2,MZ
1109,2017-09-22,3,7,1,2,MZ
1110,2017-09-21,3,7,1,2,MZ
1111,2017-09-20,3,7,1,2,MZ
1112,2017-09-19,3,7,1,2,MZ
1113,2017-09-18,3,7,1,2,MZ
1114,2017-09-17,3,7,1,2,MZ
1115,2017-09-16,3,7,1,2,MZ
1116,2017-09-15,3,7,1,2,MZ
1117,2017-09-14,3,7,1,2,MZ
1118,2017-09-13,3,7,1,2,MZ
1119,2017-09-12,3,7,1,2,MZ
1120,2017-09-11,3,7,1,2,MZ
1121,2017-09-10,3,7,1,2,MZ
1122,2017-09-09,3,7,1,2,MZ
1123,2017-09-08,3,7,1,2,MZ
1124,2017-09-07,3,7,1,2,MZ
1125,2017-09-06,3,7,1,2,MZ
1126,2017-09-05,3,7,1,2,MZ
1127,2017-09-04,3,7,1,2,MZ
1128,2017-09-03,3,7,1,2,MZ
1129,2017-09-02,3,7,1,2,MZ
1130,2017-09-01,3,7,1,2,MZ
1131,2017-08-31,3,6,1,2,MZ
1132,2017-08-30,3,6,1,2,MZ
1133,2017-08-29,3,6,1,2,MZ
1134,2017-08-28,3,6,1,2,MZ
1135,2017-08-27,3,6,1,2,MZ
1136,2017-08-26,3,6,1,2,MZ
1137,2017-08-25,3,6,1,2,MZ
1138,2017-08-24,3,6,1,2,MZ
1139,2017-08-23,3,6,1,2,MZ
1140,2017-08-22,3,6,1,2,MZ
1141,2017-08-21,3,6,1,2,MZ
1142,2017-08-20,3,6,1,2,MZ
1143,2017-08-19,3,6,1,2,MZ
1144,2017-08-18,3,6,1,2,MZ
1145,2017-08-17,3,6,1,2,MZ
1146,2017-08-16,3,6,1,2,MZ
1147,2017-08-15,3,6,1,2,MZ
1148,2017-08-14,3,6,1,2,MZ
1149,2017-08-13,3,6,1,2,MZ
1150,2017-08-12,3,6,1,2,MZ
1151,2017-08-11,3,6,1,2,MZ
1152,2017-08-10,3,6,1,2,MZ
1153,2017-08-09,3,7,0,2,MZ
1154,2017-08-08,3,7,0,2,MZ
1155,2017-08-07,3,7,0,2,MZ
1156,2017-08-06,3,7,0,2,MZ
1157,2017-08-05,3,7,0,2,MZ
1158,2017-08-04,3,7,0,2,MZ
1159,2017-08-03,3,7,0,2,MZ
1160,2017-08-02,3,6,1,2,MZ
1161,2017-08-01,3,6,1,2,MZ
1162,2017-07-31,3,6,1,2,MZ
1163,2017-07-30,3,6,1,2,MZ
1164,2017-07-29,3,6,1,2,MZ
1165,2017-07-28,3,6,1,2,MZ
1166,2017-07-27,3,6,1,2,MZ
1167,2017-07-26,3,7,0,2,MZ
1168,2017-07-25,3,7,0,2,MZ
1169,2017-07-24,3,7,0,2,MZ
1170,2017-07-23,3,7,0,2,MZ
1171,2017-07-22,3,7,0,2,MZ
1172,2017-07-21,3,7,0,2,MZ
1173,2017-07-20,3,7,0,2,MZ
1174,2017-07-19,3,7,0,2,MZ
1175,2017-07-18,3,7,0,2,MZ
1176,2017-07-17,3,7,0,2,MZ
1177,2017-07-16,3,7,0,2,MZ
1178,2017-07-15,3,6,1,2,MZ
1179,2017-07-14,3,6,1,2,MZ
1180,2017-07-13,3,6,1,2,MZ
1181,2017-07-12,3,7,0,2,MZ
1182,2017-07-11,3,7,0,2,MZ
1183,2017-07-10,3,7,0,2,MZ
1184,2017-07-09,3,7,0,2,MZ
1185,2017-07-08,3,7,0,2,MZ
1186,2017-07-07,3,7,0,2,MZ
1187,2017-07-06,3,7,0,2,MZ
1188,2017-07-05,3,7,0,2,MZ
1189,2017-07-04,3,7,0,2,MZ
1190,2017-07-03,3,7,0,2,MZ
1191,2017-07-02,3,7,0,2,MZ
1192,2017-07-01,3,7,0,2,MZ
1193,2017-06-30,3,7,0,2,MZ
1194,2017-06-29,3,7,0,2,MZ
1195,2017-06-28,3,7,0,2,MZ
1196,2017-06-27,3,7,0,2,MZ
1197,2017-06-26,3,7,0,2,MZ
1198,2017-06-25,3,7,0,2,MZ
1199,2017-06-24,3,7,0,2,MZ
1200,2017-06-23,3,7,0,2,MZ
1201,2017-06-22,3,7,0,2,MZ
1202,2017-06-21,3,7,0,2,MZ
1203,2017-06-20,3,7,0,2,MZ
1204,2017-06-19,3,7,0,2,MZ
1205,2017-06-18,3,7,0,2,MZ
1206,2017-06-17,3,7,0,2,MZ
1207,2017-06-16,3,7,0,2,MZ
1208,2017-06-15,3,7,0,2,MZ
1209,2017-06-14,3,7,0,2,MZ
1210,2017-06-13,3,7,0,2,MZ
1211,2017-06-12,3,7,0,2,MZ
1212,2017-06-11,3,7,0,2,MZ
1213,2017-06-10,3,7,0,2,MZ
1214,2017-06-09,3,7,0,2,MZ
1215,2017-06-08,3,7,0,2,MZ
1216,2017-06-07,3,7,0,2,MZ
1217,2017-06-06,3,7,0,2,MZ
1218,2017-06-05,3,7,0,2,MZ
1219,2017-06-04,3,7,0,2,MZ
1220,2017-06-03,3,7,0,2,MZ
1221,2017-06-02,3,7,0,2,MZ
1222,2017-06-01,3,7,0,2,MZ
1223,2017-05-31,3,7,0,2,MZ
1224,2017-05-30,3,7,0,2,MZ
1225,2017-05-29,3,7,0,2,MZ
1226,2017-05-28,3,7,0,2,MZ
1227,2017-05-27,3,7,0,2,MZ
1228,2017-05-26,3,7,0,2,MZ
1229,2017-05-25,3,7,0,2,MZ
1230,2017-05-24,3,7,0,2,MZ
1231,2017-05-23,3,7,0,2,MZ
1232,2017-05-22,3,7,0,2,MZ
1233,2017-05-21,3,7,0,2,MZ
1234,2017-05-20,3,7,0,2,MZ
1235,2017-05-19,3,7,0,2,MZ
1236,2017-05-18,3,7,0,2,MZ
1237,2017-05-17,3,7,0,2,MZ
1238,2017-05-16,3,7,0,2,MZ
1239,2017-05-15,3,7,0,2,MZ
1240,2017-05-14,3,7,0,2,MZ
1241,2017-05-13,3,7,0,2,MZ
1242,2017-05-12,3,7,0,2,MZ
1243,2017-05-11,3,7,0,2,MZ
1244,2017-05-10,3,7,0,2,MZ
1245,2017-05-09,3,7,0,2,MZ
1246,2017-05-08,3,7,0,2,MZ
1247,2017-05-07,3,7,0,2,MZ
1248,2017-05-06,3,7,0,2,MZ
1249,2017-05-05,3,7,0,2,MZ
1250,2017-05-04,3,7,0,2,MZ
1251,2017-05-03,3,7,0,2,MZ
1252,2017-05-02,3,7,0,2,MZ
1253,2017-05-01,3,7,0,2,MZ
1254,2017-04-30,3,7,0,2,MZ
1255,2017-04-29,3,7,0,2,MZ
1256,2017-04-28,3,7,0,2,MZ
1257,2017-04-27,3,7,0,2,MZ
1258,2017-04-26,3,7,0,2,MZ
1259,2017-04-25,3,7,0,2,MZ
1260,2017-04-24,3,7,0,2,MZ
1261,2017-04-23,3,7,0,2,MZ
1262,2017-04-22,3,7,0,2,MZ
1263,2017-04-21,3,7,0,2,MZ
1264,2017-04-20,3,7,0,2,MZ
1265,2017-04-19,3,7,0,2,MZ
1266,2017-04-18,3,7,0,2,MZ
1267,2017-04-17,3,7,0,2,MZ
1268,2017-04-16,3,7,0,2,MZ
1269,2017-04-15,3,7,0,2,MZ
1270,2017-04-14,3,7,0,2,MZ
1271,2017-04-13,3,7,0,2,MZ
1272,2017-04-12,3,7,0,2,MZ
1273,2017-04-11,3,7,0,2,MZ
1274,2017-04-10,3,7,0,2,MZ
1275,2017-04-09,3,7,0,2,MZ
1276,2017-04-08,3,7,0,2,MZ
1277,2017-04-07,3,7,0,2,MZ
1278,2017-04-06,3,7,0,2,MZ
1279,2017-04-05,3,7,0,2,MZ
1280,2017-04-04,3,7,0,2,MZ
1281,2017-04-03,3,7,0,2,MZ
1282,2017-04-02,3,7,0,2,MZ
1283,2017-04-01,3,7,0,2,MZ
1284,2017-03-31,3,7,0,2,MZ
1285,2017-03-30,3,7,0,2,MZ
1286,2017-03-29,3,7,0,2,MZ
1287,2017-03-28,3,7,0,2,MZ
1288,2017-03-27,3,7,0,2,MZ
1289,2017-03-26,3,7,0,2,MZ
1290,2017-03-25,3,7,0,2,MZ
1291,2017-03-24,3,7,0,2,MZ
1292,2017-03-23,3,7,0,2,MZ
1293,2017-03-22,3,7,0,2,MZ
1294,2017-03-21,3,7,0,2,MZ
1295,2017-03-20,3,7,0,2,MZ
1296,2017-03-19,3,7,0,2,MZ
1297,2017-03-18,3,7,0,2,MZ
1298,2017-03-17,3,7,0,2,MZ
1299,2017-03-16,3,7,0,2,MZ
1300,2017-03-15,3,7,0,2,MZ
1301,2017-03-14,3,7,0,2,MZ
1302,2017-03-13,3,7,0,2,MZ
1303,2017-03-12,3,7,0,2,MZ
1304,2017-03-11,3,7,0,2,MZ
1305,2017-03-10,3,7,0,2,MZ
1306,2017-03-09,3,7,0,2,MZ
1307,2017-03-08,3,7,0,2,MZ
1308,2017-03-07,3,7,0,2,MZ
1309,2017-03-06,3,7,0,2,MZ
1310,2017-03-05,3,7,0,2,MZ
1311,2017-03-04,3,7,0,2,MZ
1312,2017-03-03,3,7,0,2,MZ
1313,2017-03-02,3,7,0,2,MZ
1314,2017-03-01,3,7,0,2,MZ
1315,2017-02-28,3,7,0,2,MZ
1316,2017-02-27,3,7,0,2,MZ
1317,2017-02-26,3,7,0,2,MZ
1318,2017-02-25,3,7,0,2,MZ
1319,2017-02-24,3,7,0,2,MZ
1320,2017-02-23,3,7,0,2,MZ
1321,2017-02-22,3,7,0,2,MZ
1322,2017-02-21,3,7,0,2,MZ
1323,2017-02-20,3,7,0,2,MZ
1324,2017-02-19,3,6,1,2,MZ
1325,2017-02-18,3,7,0,2,MZ
1326,2017-02-17,3,7,0,2,MZ
1327,2017-02-16,3,7,0,2,MZ
1328,2017-02-15,3,7,0,2,MZ
1329,2017-02-14,3,7,0,2,MZ
1330,2017-02-13,3,7,0,2,MZ
1331,2017-02-12,3,7,0,2,MZ
1332,2017-02-11,3,7,0,2,MZ
1333,2017-02-10,3,6,1,2,MZ
1334,2017-02-09,3,7,0,2,MZ
1335,2017-02-08,3,7,0,2,MZ
1336,2017-02-07,3,7,0,2,MZ
1337,2017-02-06,3,7,0,2,MZ
1338,2017-02-05,3,7,0,2,MZ
1339,2017-02-04,3,7,0,2,MZ
1340,2017-02-03,3,7,0,2,MZ
1341,2017-02-02,3,7,0,2,MZ
1342,2017-02-01,3,7,0,2,MZ
1343,2017-01-31,3,7,0,2,MZ
1344,2017-01-30,3,6,1,2,MZ
1345,2017-01-29,3,7,0,2,MZ
1346,2017-01-28,3,7,0,2,MZ
1347,2017-01-27,3,7,0,2,MZ
1348,2017-01-26,3,7,0,2,MZ
1349,2017-01-25,3,7,0,2,MZ
1350,2017-01-24,3,7,0,2,MZ
1351,2017-01-23,3,7,0,2,MZ
1352,2017-01-22,3,7,0,2,MZ
1353,2017-01-21,3,7,0,2,MZ
1354,2017-01-20,3,7,0,2,MZ
1355,2017-01-19,3,7,0,2,MZ
1356,2017-01-18,3,6,1,2,MZ
1357,2017-01-17,3,6,1,2,MZ
1358,2017-01-16,3,6,1,2,MZ
1359,2017-01-15,3,6,1,2,MZ
1360,2017-01-14,3,6,1,2,MZ
1361,2017-01-13,3,6,1,2,MZ
1362,2017-01-12,3,6,1,2,MZ
1363,2017-01-11,3,6,1,2,MZ
1364,2017-01-10,3,6,1,2,MZ
1365,2017-01-09,3,6,1,2,MZ
1366,2017-01-08,3,6,1,2,MZ
1367,2017-01-07,3,6,1,2,MZ
1368,2017-01-06,3,6,1,2,MZ
1369,2017-01-05,3,5,2,2,MZ
1370,2017-01-04,3,6,1,2,MZ
1371,2017-01-03,3,6,1,2,MZ
1372,2017-01-02,3,6,1,2,MZ
1373,2017-01-01,3,6,1,2,MZ
1374,2016-12-31,3,6,1,2,MZ
1375,2016-12-30,3,6,1,2,MZ
1376,2016-12-29,3,6,1,2,MZ
1377,2016-12-28,3,6,1,2,MZ
1378,2016-12-27,3,6,1,2,MZ
1379,2016-12-26,3,6,1,2,MZ
1380,2016-12-25,3,6,1,2,MZ
1381,2016-12-24,3,6,1,2,MZ
1382,2016-12-23,3,7,0,2,MZ
1383,2016-12-22,3,7,0,2,MZ
1384,2016-12-21,3,7,0,2,MZ
1385,2016-12-20,3,7,0,2,MZ
1386,2016-12-19,3,7,0,2,MZ
1387,2016-12-18,3,7,0,2,MZ
1388,2016-12-17,3,7,0,2,MZ
1389,2016-12-16,3,7,0,2,MZ
1390,2016-12-15,3,7,0,2,MZ
1391,2016-12-14,3,7,0,2,MZ
1392,2016-12-13,3,7,0,2,MZ
1393,2016-12-12,3,7,0,2,MZ
1394,2016-12-11,3,7,0,2,MZ
1395,2016-12-10,3,6,1,2,MZ
1396,2016-12-09,3,6,1,2,MZ
1397,2016-12-08,3,7,0,2,MZ
1398,2016-12-07,3,7,0,2,MZ
1399,2016-12-06,3,7,0,2,MZ
1400,2016-12-05,3,7,0,2,MZ
1401,2016-12-04,3,7,0,2,MZ
1402,2016-12-03,3,7,0,2,MZ
1403,2016-12-02,3,7,0,2,MZ
1404,2016-12-01,3,7,0,2,MZ
1405,2016-11-30,3,7,0,2,MZ
1406,2016-11-29,3,7,0,2,MZ
1407,2016-11-28,3,7,0,2,MZ
1408,2016-11-27,3,7,0,2,MZ
1409,2016-11-26,3,7,0,2,MZ
1410,2016-11-25,3,7,0,2,MZ
1411,2016-11-24,3,7,0,2,MZ
1412,2016-11-23,3,7,0,2,MZ
1413,2016-11-22,3,7,0,2,MZ
1414,2016-11-21,3,7,0,2,MZ
1415,2016-11-20,3,7,0,2,MZ
1416,2016-11-19,3,7,0,2,MZ
1417,2016-11-18,3,7,0,2,MZ
1418,2016-11-17,3,7,0,2,MZ
1419,2016-11-16,3,7,0,2,MZ
1420,2016-11-15,3,7,0,2,MZ
1421,2016-11-14,3,7,0,2,MZ
1422,2016-11-13,3,7,0,2,MZ
1423,2016-11-12,3,7,0,2,MZ
1424,2016-11-11,3,7,0,2,MZ
1425,2016-11-10,3,7,0,2,MZ
1426,2016-11-09,3,7,0,2,MZ
1427,2016-11-08,3,7,0,2,MZ
1428,2016-11-07,3,7,0,2,MZ
1429,2016-11-06,3,7,0,2,MZ
1430,2016-11-05,3,7,0,2,MZ
1431,2016-11-04,3,7,0,2,MZ
1432,2016-11-03,3,7,0,2,MZ
1433,2016-11-02,3,7,0,2,MZ
1434,2016-11-01,3,7,0,2,MZ
1435,2016-10-31,3,7,0,2,MZ
1436,2016-10-30,3,7,0,2,MZ
1437,2016-10-29,3,7,0,2,MZ
1438,2016-10-28,3,7,0,2,MZ
1439,2016-10-27,3,7,0,2,MZ
1440,2016-10-26,3,7,0,2,MZ
1441,2016-10-25,3,7,0,2,MZ
1442,2016-10-24,3,7,0,2,MZ
1443,2016-10-23,3,7,0,2,MZ
1444,2016-10-22,3,7,0,2,MZ
1445,2016-10-21,3,7,0,2,MZ
1446,2016-10-20,3,7,0,2,MZ
1447,2016-10-19,3,7,0,2,MZ
1448,2016-10-18,3,7,0,2,MZ
1449,2016-10-17,3,7,0,2,MZ
1450,2016-10-16,3,7,0,2,MZ
1451,2016-10-15,3,7,0,2,MZ
1452,2016-10-14,3,7,0,2,MZ
1453,2016-10-13,3,7,0,2,MZ
1454,2016-10-12,3,7,0,2,MZ
1455,2016-10-11,3,7,0,2,MZ
1456,2016-10-10,3,7,0,2,MZ
1457,2016-10-09,3,7,0,2,MZ
1458,2016-10-08,3,7,0,2,MZ
1459,2016-10-07,3,7,0,2,MZ
1460,2016-10-06,3,7,0,2,MZ
1461,2016-10-05,3,7,0,2,MZ
1462,2016-10-04,3,7,0,2,MZ
1463,2016-10-03,3,7,0,2,MZ
1464,2016-10-02,3,7,0,2,MZ
1465,2016-10-01,3,6,1,2,MZ
1466,2016-09-30,3,7,0,2,MZ
1467,2016-09-29,3,7,0,2,MZ
1468,2016-09-28,3,7,0,2,MZ
1469,2016-09-27,3,7,0,2,MZ
1470,2016-09-26,3,7,0,2,MZ
1471,2016-09-25,3,7,0,2,MZ
1472,2016-09-24,3,7,0,2,MZ
1473,2016-09-23,3,7,0,2,MZ
1474,2016-09-22,3,7,0,2,MZ
1475,2016-09-21,3,7,0,2,MZ
1476,2016-09-20,3,7,0,2,MZ
1477,2016-09-19,3,7,0,2,MZ
1478,2016-09-18,3,7,0,2,MZ
1479,2016-09-17,3,7,0,2,MZ
1480,2016-09-16,3,7,0,2,MZ
1481,2016-09-15,3,7,0,2,MZ
1482,2016-09-14,3,7,0,2,MZ
1483,2016-09-13,3,7,0,2,MZ
1484,2016-09-12,3,7,0,2,MZ
1485,2016-09-11,3,7,0,2,MZ
1486,2016-09-10,3,7,0,2,MZ
1487,2016-09-09,3,7,0,2,MZ
1488,2016-09-08,3,7,0,2,MZ
1489,2016-09-07,3,7,0,2,MZ
1490,2016-09-06,3,7,0,2,MZ
1491,2016-09-05,3,7,0,2,MZ
1492,2016-09-04,3,7,0,2,MZ
1493,2016-09-03,3,7,0,2,MZ
1494,2016-09-02,3,7,0,2,MZ
1495,2016-09-01,3,7,0,1,MZ
1496,2016-08-31,3,7,0,1,MZ
1497,2016-08-30,3,6,1,1,MZ
1498,2016-08-29,3,7,0,1,MZ
1499,2016-08-28,3,7,0,1,MZ
1500,2016-08-27,3,7,0,1,MZ
1501,2016-08-26,3,7,0,1,MZ
1502,2016-08-25,3,7,0,1,MZ
1503,2016-08-24,3,7,0,1,MZ
1504,2016-08-23,3,7,0,1,MZ
1505,2016-08-22,3,7,0,1,MZ
1506,2016-08-21,3,7,0,1,MZ
1507,2016-08-20,3,7,0,1,MZ
1508,2016-08-19,3,7,0,1,MZ
1509,2016-08-18,3,7,0,1,MZ
1510,2016-08-17,3,7,0,1,MZ
1511,2016-08-16,3,7,0,1,MZ
1512,2016-08-15,3,7,0,1,MZ
1513,2016-08-14,3,7,0,1,MZ
1514,2016-08-13,3,7,0,1,MZ
1515,2016-08-12,3,7,0,1,MZ
1516,2016-08-11,3,7,0,1,MZ
1517,2016-08-10,3,7,0,1,MZ
1518,2016-08-09,3,7,0,1,MZ
1519,2016-08-08,3,7,0,1,MZ
1520,2016-08-07,3,7,0,1,MZ
1521,2016-08-06,3,7,0,1,MZ
1522,2016-08-05,3,7,0,1,MZ
1523,2016-08-04,3,7,0,1,MZ
1524,2016-08-03,3,7,0,1,MZ
1525,2016-08-02,3,7,0,1,MZ
1526,2016-08-01,3,7,0,1,MZ
1527,2016-07-31,3,7,0,1,MZ
1528,2016-07-30,3,7,0,1,MZ
1529,2016-07-29,3,7,0,1,MZ
1530,2016-07-28,3,7,0,1,MZ
1531,2016-07-27,3,7,0,1,MZ
1532,2016-07-26,3,7,0,1,MZ
1533,2016-07-25,3,7,0,1,MZ
1534,2016-07-24,3,7,0,1,MZ
1535,2016-07-23,3,7,0,1,MZ
1536,2016-07-22,3,7,0,1,MZ
1537,2016-07-21,3,7,0,1,MZ
1538,2016-07-20,3,7,0,1,MZ
1539,2016-07-19,3,7,0,1,MZ
1540,2016-07-18,3,7,0,1,MZ
1541,2016-07-17,3,7,0,1,MZ
1542,2016-07-16,3,7,0,1,MZ
1543,2016-07-15,3,7,0,1,MZ
1544,2016-07-14,3,6,1,1,MZ
1545,2016-07-13,3,6,1,1,MZ
1546,2016-07-12,3,6,1,1,MZ
1547,2016-07-11,3,6,1,1,MZ
1548,2016-07-10,3,6,1,1,MZ
1549,2016-07-09,3,6,1,1,MZ
1550,2016-07-08,3,6,1,1,MZ
1551,2016-07-07,3,6,1,1,MZ
1552,2016-07-06,3,6,1,1,MZ
1553,2016-07-05,3,6,1,1,MZ
1554,2016-07-04,3,6,1,1,MZ
1555,2016-07-03,3,6,1,1,MZ
1556,2016-07-02,3,6,1,1,MZ
1557,2016-07-01,3,6,1,1,MZ
1558,2016-06-30,3,6,1,1,MZ
1559,2016-06-29,3,6,1,1,MZ
1560,2016-06-28,3,6,1,1,MZ
1561,2016-06-27,3,6,1,1,MZ
1562,2016-06-26,3,6,1,1,MZ
1563,2016-06-25,3,6,1,1,MZ
1564,2016-06-24,3,6,1,1,MZ
1565,2016-06-23,3,6,1,1,MZ
1566,2016-06-22,3,6,1,1,MZ
1567,2016-06-21,3,6,1,1,MZ
1568,2016-06-20,3,6,1,1,MZ
1569,2016-06-19,3,6,1,1,MZ
1570,2016-06-18,3,6,1,1,MZ
1571,2016-06-17,3,6,1,1,MZ
1572,2016-06-16,3,6,1,1,MZ
1573,2016-06-15,3,6,1,1,MZ
1574,2016-06-14,3,6,1,1,MZ
1575,2016-06-13,3,6,1,1,MZ
1576,2016-06-12,3,6,1,1,MZ
1577,2016-06-11,3,6,1,1,MZ
1578,2016-06-10,3,6,1,1,MZ
1579,2016-06-09,3,6,1,1,MZ
1580,2016-06-08,3,6,1,1,MZ
1581,2016-06-07,3,6,1,1,MZ
1582,2016-06-06,3,6,1,1,MZ
1583,2016-06-05,3,6,1,1,MZ
1584,2016-06-04,3,6,1,1,MZ
1585,2016-06-03,3,5,2,1,MZ
1586,2016-06-02,3,6,1,1,MZ
1587,2016-06-01,3,6,1,1,MZ
1588,2016-05-31,3,6,1,1,MZ
1589,2016-05-30,3,6,1,1,MZ
1590,2016-05-29,3,6,1,1,MZ
1591,2016-05-28,3,6,1,1,MZ
1592,2016-05-27,3,6,1,1,MZ
1593,2016-05-26,3,7,0,1,MZ
1594,2016-05-25,3,7,0,1,MZ
1595,2016-05-24,3,7,0,1,MZ
1596,2016-05-23,3,7,0,1,MZ
1597,2016-05-22,3,7,0,1,MZ
1598,2016-05-21,3,7,0,1,MZ
1599,2016-05-20,3,7,0,1,MZ
1600,2016-05-19,3,7,0,1,MZ
1601,2016-05-18,3,5,2,1,MZ
1602,2016-05-17,3,7,0,1,MZ
1603,2016-05-16,3,7,0,1,MZ
1604,2016-05-15,3,7,0,1,MZ
1605,2016-05-14,3,7,0,1,MZ
1606,2016-05-13,3,7,0,1,MZ
1607,2016-05-12,3,7,0,1,MZ
1608,2016-05-11,3,7,0,1,MZ
1609,2016-05-10,3,7,0,1,MZ
1610,2016-05-09,3,7,0,1,MZ
1611,2016-05-08,3,7,0,1,MZ
1612,2016-05-07,3,7,0,1,MZ
1613,2016-05-06,3,7,0,1,MZ
1614,2016-05-05,3,7,0,1,MZ
1615,2016-05-04,3,7,0,1,MZ
1616,2016-05-02,3,7,0,1,MZ
1617,2016-05-01,3,7,0,1,MZ
1618,2016-04-30,3,7,0,1,MZ
1619,2016-04-29,3,7,0,1,MZ
1620,2016-04-28,3,7,0,1,MZ
1621,2016-04-27,3,7,0,1,MZ
1622,2016-04-26,3,7,0,1,MZ
1623,2016-04-25,3,7,0,1,MZ
1624,2016-04-24,3,7,0,1,MZ
1625,2016-04-23,3,7,0,1,MZ
1626,2016-04-22,3,7,0,1,MZ
1627,2016-04-21,3,7,0,1,MZ
1628,2016-04-20,3,7,0,1,MZ
1629,2016-04-19,3,7,0,1,MZ
1630,2016-04-18,3,7,0,1,MZ
1631,2016-04-17,3,7,0,1,MZ
1632,2016-04-16,3,7,0,1,MZ
1633,2016-04-15,3,7,0,1,MZ
1634,2016-04-14,3,7,0,1,MZ
1635,2016-04-13,3,7,0,1,MZ
1636,2016-04-12,3,7,0,1,MZ
1637,2016-04-11,3,7,0,1,MZ
1638,2016-04-10,3,7,0,1,MZ
1639,2016-04-09,3,7,0,1,MZ
1640,2016-04-08,3,7,0,1,MZ
1641,2016-04-07,3,7,0,1,MZ
1642,2016-04-06,3,7,0,1,MZ
1643,2016-04-05,3,7,0,1,MZ
1644,2016-04-04,3,7,0,1,MZ
1645,2016-04-03,3,7,0,1,MZ
1646,2016-04-02,3,7,0,1,MZ
1647,2016-04-01,3,7,0,1,MZ
1648,2016-03-31,4,6,0,1,MZ
1649,2016-03-30,4,6,0,1,MZ
1650,2016-03-29,4,6,0,1,MZ
1651,2016-03-28,4,6,0,1,MZ
1652,2016-03-27,4,6,0,1,MZ
1653,2016-03-26,4,6,0,1,MZ
1654,2016-03-25,4,6,0,1,MZ
1655,2016-03-24,4,6,0,1,MZ
1656,2016-03-23,4,6,0,1,MZ
1657,2016-03-22,4,6,0,1,MZ
1658,2016-03-21,4,6,0,1,MZ
1659,2016-03-20,4,6,0,1,MZ
1660,2016-03-19,4,6,0,1,MZ
1661,2016-03-18,4,6,0,1,MZ
1662,2016-03-17,4,6,0,1,MZ
1663,2016-03-16,4,6,0,1,MZ
1664,2016-03-15,4,6,0,1,MZ
1665,2016-03-14,4,6,0,1,MZ
1666,2016-03-13,4,6,0,1,MZ
1667,2016-03-12,4,6,0,1,MZ
1668,2016-03-11,4,6,0,1,MZ
1669,2016-03-10,4,6,0,1,MZ
1670,2016-03-09,4,6,0,1,MZ
1671,2016-03-08,4,6,0,1,MZ
1672,2016-03-07,4,6,0,1,MZ
1673,2016-03-06,4,6,0,1,MZ
1674,2016-03-05,4,6,0,1,MZ
1675,2016-03-04,4,6,0,1,MZ
1676,2016-03-03,4,5,1,1,MZ
1677,2016-03-02,4,5,1,1,MZ
1678,2016-03-01,4,5,1,1,MZ
1679,2016-02-29,4,5,1,1,MZ
1680,2016-02-28,4,5,1,1,MZ
1681,2016-02-27,4,5,1,1,MZ
1682,2016-02-26,4,5,1,1,MZ
1683,2016-02-25,4,5,1,1,MZ
1684,2016-02-24,4,5,1,1,MZ
1685,2016-02-23,4,5,1,1,MZ
1686,2016-02-22,4,5,1,1,MZ
1687,2016-02-21,4,5,1,1,MZ
1688,2016-02-20,4,5,1,1,MZ
1689,2016-02-19,4,5,1,1,MZ
1690,2016-02-18,4,5,1,1,MZ
1691,2016-02-17,4,5,1,1,MZ
1692,2016-02-16,4,5,1,1,MZ
1693,2016-02-15,4,5,0,1,MZ
1694,2016-02-14,4,5,0,1,MZ
1695,2016-02-13,4,5,0,1,MZ
1696,2016-02-12,4,5,0,1,MZ
1697,2016-02-11,4,5,0,1,MZ
1698,2016-02-10,4,5,0,1,MZ
1699,2016-02-09,3,5,1,1,MZ
1700,2016-02-08,3,5,1,1,MZ
1701,2016-02-07,3,5,1,1,MZ
1702,2016-02-06,3,5,1,1,MZ
1703,2016-02-05,3,5,1,1,MZ
1704,2016-02-04,3,5,1,1,MZ
1705,2016-02-03,3,5,1,1,MZ
1706,2016-02-02,3,5,1,1,MZ
1707,2016-02-01,3,5,1,1,MZ
1708,2016-01-31,3,5,1,1,MZ
1709,2016-01-30,3,5,1,1,MZ
1710,2016-01-29,3,5,1,1,MZ
1711,2016-01-28,3,5,1,1,MZ
1712,2016-01-27,3,5,1,1,MZ
1713,2016-01-26,3,5,1,1,MZ
1714,2016-01-25,3,5,1,1,MZ
1715,2016-01-24,3,5,1,1,MZ
1716,2016-01-23,3,5,1,1,MZ
1717,2016-01-22,3,5,1,1,MZ
1718,2016-01-21,3,5,1,1,MZ
1719,2016-01-20,3,5,1,1,MZ
1720,2016-01-19,3,5,1,1,MZ
1721,2016-01-18,3,5,1,1,MZ
1722,2016-01-17,3,5,1,1,MZ
1723,2016-01-16,3,5,1,1,MZ
1724,2016-01-15,3,5,1,1,MZ
1725,2016-01-14,3,5,1,1,MZ
1726,2016-01-13,3,5,1,1,MZ
1727,2016-01-12,3,5,1,1,MZ
1728,2016-01-11,3,5,1,1,MZ
1729,2016-01-10,3,5,1,1,MZ
1730,2016-01-09,3,5,1,1,MZ
1731,2016-01-08,3,5,1,1,MZ
1732,2016-01-07,3,5,1,1,MZ
1733,2016-01-06,3,5,1,1,MZ
1734,2016-01-05,3,5,1,1,MZ
1735,2016-01-04,3,5,1,1,MZ
1736,2016-01-03,3,5,1,1,MZ
1737,2016-01-02,3,5,1,1,MZ
1738,2016-01-01,3,5,1,1,MZ
1739,2015-12-31,3,5,1,1,MZ
1740,2015-12-30,3,5,1,1,MZ
1741,2015-12-29,3,5,1,1,MZ
1742,2015-12-28,3,5,1,1,MZ
1743,2015-12-27,3,4,2,1,MZ
1744,2015-12-26,3,4,2,1,MZ
1745,2015-12-25,3,4,2,1,MZ
1746,2015-12-24,3,4,2,1,MZ
1747,2015-12-23,3,4,2,1,MZ
1748,2015-12-22,3,4,2,1,MZ
1749,2015-12-21,3,4,2,1,MZ
1750,2015-12-20,3,4,2,1,MZ
1751,2015-12-19,3,4,2,1,MZ
1752,2015-12-18,3,4,2,1,MZ
1753,2015-12-17,3,4,2,1,MZ
1754,2015-12-16,3,5,1,1,MZ
1755,2015-12-15,3,5,1,1,MZ
1756,2015-12-14,3,5,1,1,MZ
1757,2015-12-13,3,5,1,1,MZ
1758,2015-12-12,3,5,1,1,MZ
1759,2015-12-11,3,5,1,1,MZ
1760,2015-12-10,3,5,1,1,MZ
1761,2015-12-09,3,5,1,1,MZ
1762,2015-12-08,3,5,1,1,MZ
1763,2015-12-07,3,5,1,1,MZ
1764,2015-12-06,3,5,1,1,MZ
1765,2015-12-05,3,5,1,1,MZ
1766,2015-12-04,3,5,1,1,MZ
1767,2015-12-03,3,5,1,1,MZ
1768,2015-12-02,3,5,1,1,MZ
1769,2015-12-01,3,5,1,1,MZ
1770,2015-11-30,3,5,1,1,MZ
1771,2015-11-29,3,5,1,1,MZ
1772,2015-11-28,3,5,1,1,MZ
1773,2015-11-27,3,5,1,1,MZ
1774,2015-11-26,3,5,1,1,MZ
1775,2015-11-25,3,5,1,1,MZ
1776,2015-11-24,3,5,1,1,MZ
1777,2015-11-23,3,5,1,1,MZ
1778,2015-11-22,3,5,1,1,MZ
1779,2015-11-21,3,5,1,1,MZ
1780,2015-11-20,3,5,1,1,MZ
1781,2015-11-19,3,5,1,1,MZ
1782,2015-11-18,3,5,1,1,MZ
1783,2015-11-17,3,5,1,1,MZ
1784,2015-11-16,3,5,1,1,MZ
1785,2015-11-15,3,5,1,1,MZ
1786,2015-11-14,3,5,1,1,MZ
1787,2015-11-13,3,5,1,1,MZ
1788,2015-11-12,3,5,1,1,MZ
1789,2015-11-11,3,5,1,1,MZ
1790,2015-11-10,3,6,0,1,MZ
1791,2015-11-09,3,6,0,1,MZ
1792,2015-11-08,3,6,0,1,MZ
1793,2015-11-07,3,6,0,1,MZ
1794,2015-11-06,3,6,0,1,MZ
1795,2015-11-05,3,6,0,1,MZ
1796,2015-11-04,3,6,0,1,MZ
1797,2015-11-03,3,6,0,1,MZ
1798,2015-11-02,3,6,0,1,MZ
1799,2015-11-01,3,6,0,1,MZ
1800,2015-10-31,3,6,0,1,MZ
1801,2015-10-30,3,6,0,1,MZ
1802,2015-10-29,3,6,0,1,MZ
1803,2015-10-28,3,6,0,1,MZ
1804,2015-10-27,3,6,0,1,MZ
1805,2015-10-26,3,6,0,1,MZ
1806,2015-10-25,3,6,0,1,MZ
1807,2015-10-24,3,6,0,1,MZ
1808,2015-10-23,3,6,0,1,MZ
1809,2015-10-22,3,6,0,1,MZ
1810,2015-10-21,3,6,0,1,MZ
1811,2015-10-20,3,6,0,1,MZ
1812,2015-10-19,3,6,0,1,MZ
1813,2015-10-18,3,6,0,1,MZ
1814,2015-10-17,3,6,0,1,MZ
1815,2015-10-16,3,6,0,1,MZ
1816,2015-10-15,3,6,0,1,MZ
1817,2015-10-14,3,6,0,1,MZ
1818,2015-10-13,3,6,0,1,MZ
1819,2015-10-12,3,6,0,1,MZ
1820,2015-10-11,3,6,0,1,MZ
1821,2015-10-10,3,6,0,1,MZ
1822,2015-10-09,3,6,0,1,MZ
1823,2015-10-08,3,6,0,1,MZ
1824,2015-10-07,3,6,0,1,MZ
1825,2015-10-06,3,6,0,1,MZ
1826,2015-10-05,3,6,0,1,MZ
1827,2015-10-04,3,6,0,1,MZ
1828,2015-10-03,3,6,0,1,MZ
1829,2015-10-02,3,6,0,1,MZ
1830,2015-10-01,3,6,0,1,MZ
1831,2015-09-30,3,6,0,1,MZ
1832,2015-09-29,3,6,0,1,MZ
1833,2015-09-28,3,6,0,1,MZ
1834,2015-09-27,3,6,0,1,MZ
1835,2015-09-26,3,6,0,1,MZ
1836,2015-09-25,3,6,0,1,MZ
1837,2015-09-24,3,6,0,1,MZ
1838,2015-09-23,3,6,0,1,MZ
1839,2015-09-22,3,6,0,1,MZ
1840,2015-09-21,3,6,0,1,MZ
1841,2015-09-20,3,6,0,1,MZ
1842,2015-09-19,3,6,0,1,MZ
1843,2015-09-18,3,6,0,1,MZ
1844,2015-09-17,3,6,0,1,MZ
1845,2015-09-16,3,6,0,1,MZ
1846,2015-09-15,3,6,0,1,MZ
1847,2015-09-14,3,6,0,1,MZ
1848,2015-09-13,3,6,0,1,MZ
1849,2015-09-12,3,6,0,1,MZ
1850,2015-09-11,3,6,0,1,MZ
1851,2015-09-10,3,6,0,1,MZ
1852,2015-09-09,3,6,0,1,MZ
1853,2015-09-08,3,6,0,1,MZ
1854,2015-09-07,3,6,0,1,MZ
1855,2015-09-06,3,6,0,1,MZ
1856,2015-09-05,3,6,0,1,MZ
1857,2015-09-04,3,6,0,1,MZ
1858,2015-09-03,3,6,0,1,MZ
1859,2015-09-02,3,6,0,1,MZ
1860,2015-09-01,3,6,0,1,MZ
1861,2015-08-31,3,6,0,1,MZ
1862,2015-08-30,3,6,0,0,MZ
1863,2015-08-29,3,6,0,0,MZ
1864,2015-08-28,3,6,0,0,MZ
1865,2015-08-27,3,6,0,0,MZ
1866,2015-08-26,3,6,0,0,MZ
1867,2015-08-25,3,6,0,0,MZ
1868,2015-08-24,3,6,0,0,MZ
1869,2015-08-23,3,5,1,0,MZ
1870,2015-08-22,3,5,1,0,MZ
1871,2015-08-21,3,5,1,0,MZ
1872,2015-08-20,3,6,0,0,MZ
1873,2015-08-19,3,6,0,0,MZ
1874,2015-08-18,3,6,0,0,MZ
1875,2015-08-17,3,6,0,0,MZ
1876,2015-08-16,3,6,0,0,MZ
1877,2015-08-15,3,6,0,0,MZ
1878,2015-08-14,3,6,0,0,MZ
1879,2015-08-13,3,5,1,0,MZ
1880,2015-08-12,3,5,1,0,MZ
1881,2015-08-11,3,5,1,0,MZ
1882,2015-08-10,3,5,1,0,MZ
1883,2015-08-09,3,6,0,0,MZ
1884,2015-08-08,3,6,0,0,MZ
1885,2015-08-07,3,6,0,0,MZ
1886,2015-08-06,3,6,0,0,MZ
1887,2015-08-05,3,6,0,0,MZ
1888,2015-08-04,3,6,0,0,MZ
1889,2015-08-03,3,6,0,0,MZ
1890,2015-08-02,3,6,0,0,MZ
1891,2015-08-01,3,6,0,0,MZ
1892,2015-07-31,3,6,0,0,MZ
1893,2015-07-30,3,6,0,0,MZ
1894,2015-07-29,3,6,0,0,MZ
1895,2015-07-28,3,6,0,0,MZ
1896,2015-07-27,3,6,0,0,MZ
1897,2015-07-26,3,6,0,0,MZ
1898,2015-07-25,3,6,0,0,MZ
1899,2015-07-24,3,6,0,0,MZ
1900,2015-07-23,3,6,0,0,MZ
1901,2015-07-22,3,6,0,0,MZ
1902,2015-07-21,3,6,0,0,MZ
1903,2015-07-20,3,6,0,0,MZ
1904,2015-07-19,3,6,0,0,MZ
1905,2015-07-18,3,6,0,0,MZ
1906,2015-07-17,3,6,0,0,MZ
1907,2015-07-16,3,6,0,0,MZ
1908,2015-07-15,3,6,0,0,MZ
1909,2015-07-14,3,6,0,0,MZ
1910,2015-07-13,3,6,0,0,MZ
1911,2015-07-12,3,6,0,0,MZ
1912,2015-07-11,3,6,0,0,MZ
1913,2015-07-10,3,6,0,0,MZ
1914,2015-07-09,3,6,0,0,MZ
1915,2015-07-08,3,6,0,0,MZ
1916,2015-07-07,3,6,0,0,MZ
1917,2015-07-06,3,6,0,0,MZ
1918,2015-07-05,3,6,0,0,MZ
1919,2015-07-04,3,6,0,0,MZ
1920,2015-07-03,3,6,0,0,MZ
1921,2015-07-02,3,6,0,0,MZ
1922,2015-07-01,3,6,0,0,MZ
1923,2015-06-30,3,6,0,0,MZ
1924,2015-06-29,3,6,0,0,MZ
1925,2015-06-28,3,6,0,0,MZ
1926,2015-06-27,3,6,0,0,MZ
1927,2015-06-26,3,6,0,0,MZ
1928,2015-06-25,3,6,0,0,MZ
1929,2015-06-24,3,6,0,0,MZ
1930,2015-06-23,3,6,0,0,MZ
1931,2015-06-22,3,6,0,0,MZ
1932,2015-06-21,3,6,0,0,MZ
1933,2015-06-20,3,6,0,0,MZ
1934,2015-06-19,3,6,0,0,MZ
1935,2015-06-18,3,6,0,0,MZ
1936,2015-06-17,3,6,0,0,MZ
1937,2015-06-16,3,6,0,0,MZ
1938,2015-06-15,3,6,0,0,MZ
1939,2015-06-14,3,6,0,0,MZ
1940,2015-06-13,3,6,0,0,MZ
1941,2015-06-12,3,6,0,0,MZ
1942,2015-06-11,3,6,0,0,MZ
1943,2015-06-10,3,6,0,0,MZ
1944,2015-06-09,3,6,0,0,MZ
1945,2015-06-08,3,6,0,0,MZ
1946,2015-06-07,3,6,0,0,MZ
1947,2015-06-06,3,6,0,0,MZ
1948,2015-06-05,3,6,0,0,MZ
1949,2015-06-04,3,6,0,0,MZ
1950,2015-06-03,3,6,0,0,MZ
1951,2015-06-02,3,6,0,0,MZ
1952,2015-06-01,3,6,0,0,MZ
1953,2015-05-31,3,6,0,0,MZ
1954,2015-05-30,3,6,0,0,MZ
1955,2015-05-29,3,6,0,0,MZ
1956,2015-05-28,3,6,0,0,MZ
1957,2015-05-27,3,6,0,0,MZ
1958,2015-05-26,3,6,0,0,MZ
1959,2015-05-25,3,6,0,0,MZ
1960,2015-05-24,3,6,0,0,MZ
1961,2015-05-23,3,6,0,0,MZ
1962,2015-05-22,3,6,0,0,MZ
1963,2015-05-21,3,6,0,0,MZ
1964,2015-05-20,3,6,0,0,MZ
1965,2015-05-19,3,6,0,0,MZ
1966,2015-05-18,3,6,0,0,MZ
1967,2015-05-17,3,6,0,0,MZ
1968,2015-05-16,3,6,0,0,MZ
1969,2015-05-15,3,6,0,0,MZ
1970,2015-05-14,3,6,0,0,MZ
1971,2015-05-13,3,6,0,0,MZ
1972,2015-05-12,3,6,0,0,MZ
1973,2015-05-11,3,6,0,0,MZ
1974,2015-05-10,3,6,0,0,MZ
1975,2015-05-09,3,6,0,0,MZ
1976,2015-05-08,3,6,0,0,MZ
1977,2015-05-07,3,6,0,0,MZ
1978,2015-05-06,3,5,1,0,MZ
1979,2015-05-05,3,6,0,0,MZ
1980,2015-05-04,3,6,0,0,MZ
1981,2015-05-03,3,6,0,0,MZ
1982,2015-05-02,3,6,0,0,MZ
1983,2015-05-01,3,6,0,0,MZ
1984,2015-04-30,3,6,0,0,MZ
1985,2015-04-29,3,6,0,0,MZ
1986,2015-04-28,3,5,1,0,MZ
1987,2015-04-27,3,5,1,0,MZ
1988,2015-04-26,3,5,1,0,MZ
1989,2015-04-25,3,5,1,0,MZ
1990,2015-04-24,3,5,1,0,MZ
1991,2015-04-23,3,5,1,0,MZ
1992,2015-04-22,3,5,1,0,MZ
1993,2015-04-21,3,5,1,0,MZ
1994,2015-04-20,3,4,2,0,MZ
1995,2015-04-19,3,5,1,0,MZ
1996,2015-04-18,3,5,1,0,MZ
1997,2015-04-17,3,5,1,0,MZ
1998,2015-04-16,3,5,1,0,MZ
1999,2015-04-15,3,5,1,0,MZ
2000,2015-04-14,3,5,1,0,MZ
2001,2015-04-13,3,5,1,0,MZ
2002,2015-04-12,3,5,1,0,MZ
2003,2015-04-11,3,5,1,0,MZ
2004,2015-04-10,3,5,1,0,MZ
2005,2015-04-09,3,5,1,0,MZ
2006,2015-04-08,3,4,2,0,MZ
2007,2015-04-07,3,5,1,0,MZ
2008,2015-04-06,3,5,1,0,MZ
2009,2015-04-05,3,5,1,0,MZ
2010,2015-04-04,3,5,1,0,MZ
2011,2015-04-03,3,5,1,0,MZ
2012,2015-04-02,3,5,1,0,MZ
2013,2015-04-01,3,5,1,0,MZ
2014,2015-03-31,3,5,1,0,MZ
2015,2015-03-30,3,5,1,0,MZ
2016,2015-03-29,3,5,1,0,MZ
2017,2015-03-28,3,5,1,0,MZ
2018,2015-03-27,3,5,1,0,MZ
2019,2015-03-26,3,5,1,0,MZ
2020,2015-03-25,3,5,1,0,MZ
2021,2015-03-24,3,5,1,0,MZ
2022,2015-03-23,3,5,1,0,MZ
2023,2015-03-22,3,5,1,0,MZ
2024,2015-03-21,3,5,1,0,MZ
2025,2015-03-20,3,5,1,0,MZ
2026,2015-03-19,3,5,1,0,MZ
2027,2015-03-18,3,5,1,0,MZ
2028,2015-03-17,3,5,1,0,MZ
2029,2015-03-16,3,5,1,0,MZ
2030,2015-03-15,3,5,1,0,MZ
2031,2015-03-14,3,5,1,0,MZ
2032,2015-03-13,3,5,1,0,MZ
2033,2015-03-12,3,5,1,0,MZ
2034,2015-03-11,3,6,0,0,MZ
2035,2015-03-10,3,6,0,0,MZ
2036,2015-03-09,3,6,0,0,MZ
2037,2015-03-08,3,6,0,0,MZ
2038,2015-03-07,3,6,0,0,MZ
2039,2015-03-06,3,6,0,0,MZ
2040,2015-03-05,3,6,0,0,MZ
2041,2015-03-04,4,4,1,0,MZ
2042,2015-03-03,4,5,0,0,MZ
2043,2015-03-02,4,5,0,0,MZ
2044,2015-03-01,4,5,0,0,MZ
2045,2015-02-28,4,5,0,0,MZ
2046,2015-02-27,4,5,0,0,MZ
2047,2015-02-26,4,5,0,0,MZ
2048,2015-02-25,4,5,0,0,MZ
2049,2015-02-24,4,5,0,0,MZ
2050,2015-02-23,4,5,0,0,MZ
2051,2015-02-22,4,5,0,0,MZ
2052,2015-02-21,4,5,0,0,MZ
2053,2015-02-20,4,5,0,0,MZ
2054,2015-02-19,4,5,0,0,MZ
2055,2015-02-18,3,5,1,0,MZ
2056,2015-02-17,3,5,1,0,MZ
2057,2015-02-16,3,5,1,0,MZ
2058,2015-02-15,3,5,1,0,MZ
2059,2015-02-14,3,5,1,0,MZ
2060,2015-02-13,3,5,1,0,MZ
2061,2015-02-12,3,5,1,0,MZ
2062,2015-02-11,3,5,1,0,MZ
2063,2015-02-10,3,5,1,0,MZ
2064,2015-02-09,3,5,1,0,MZ
2065,2015-02-08,3,5,1,0,MZ
2066,2015-02-07,3,5,1,0,MZ
2067,2015-02-06,3,5,1,0,MZ
2068,2015-02-05,3,5,1,0,MZ
2069,2015-02-04,3,5,1,0,MZ
2070,2015-02-03,3,5,1,0,MZ
2071,2015-02-02,3,5,1,0,MZ
2072,2015-02-01,3,5,1,0,MZ
2073,2015-01-31,3,5,1,0,MZ
2074,2015-01-30,3,5,1,0,MZ
2075,2015-01-29,3,5,1,0,MZ
2076,2015-01-28,3,5,1,0,MZ
2077,2015-01-27,3,5,1,0,MZ
2078,2015-01-26,3,5,1,0,MZ
2079,2015-01-25,3,5,1,0,MZ
2080,2015-01-24,3,5,1,0,MZ
2081,2015-01-23,3,5,1,0,MZ
2082,2015-01-22,3,5,1,0,MZ
2083,2015-01-21,3,4,2,0,MZ
2084,2015-01-20,3,4,2,0,MZ
2085,2015-01-19,3,4,2,0,MZ
2086,2015-01-18,3,4,2,0,MZ
2087,2015-01-17,3,5,1,0,MZ
2088,2015-01-16,3,5,1,0,MZ
2089,2015-01-15,3,5,1,0,MZ
2090,2015-01-14,3,5,1,0,MZ
2091,2015-01-13,3,5,1,0,MZ
2092,2015-01-12,3,4,2,0,MZ
2093,2015-01-11,3,5,1,0,MZ
2094,2015-01-10,3,5,1,0,MZ
2095,2015-01-09,3,5,1,0,MZ
2096,2015-01-08,3,5,1,0,MZ
2097,2015-01-07,3,5,1,0,MZ
2098,2015-01-06,3,5,1,0,MZ
2099,2015-01-05,3,5,1,0,MZ
2100,2015-01-04,3,5,1,0,MZ
2101,2015-01-03,3,5,1,0,MZ
2102,2015-01-02,3,5,1,0,MZ
2103,2015-01-01,3,5,1,0,MZ
2104,2014-12-31,3,5,1,0,MZ
2105,2014-12-30,3,5,1,0,MZ
2106,2014-12-29,3,5,1,0,MZ
2107,2014-12-28,3,5,1,0,MZ
2108,2014-12-27,3,5,1,0,MZ
2109,2014-12-26,3,5,1,0,MZ
2110,2014-12-25,3,5,1,0,MZ
2111,2014-12-24,3,5,1,0,MZ
2112,2014-12-23,3,5,1,0,MZ
2113,2014-12-22,3,5,1,0,MZ
2114,2014-12-21,3,5,1,0,MZ
2115,2014-12-20,3,5,1,0,MZ
2116,2014-12-19,3,5,1,0,MZ
2117,2014-12-18,3,5,1,0,MZ
2118,2014-12-17,3,5,1,0,MZ
2119,2014-12-16,3,5,1,0,MZ
2120,2014-12-15,3,5,1,0,MZ
2121,2014-12-14,3,5,1,0,MZ
2122,2014-12-13,3,5,1,0,MZ
2123,2014-12-12,3,5,1,0,MZ
2124,2014-12-11,3,5,1,0,MZ
2125,2014-12-10,3,5,1,0,MZ
2126,2014-12-09,3,5,1,0,MZ
2127,2014-12-08,3,4,2,0,MZ
2128,2014-12-07,3,4,2,0,MZ
2129,2014-12-06,3,4,2,0,MZ
2130,2014-12-05,3,4,2,0,MZ
2131,2014-12-04,3,4,2,0,MZ
2132,2014-12-03,3,4,2,0,MZ
2133,2014-12-02,3,4,2,0,MZ
2134,2014-12-01,3,4,2,0,MZ
2135,2014-11-30,3,4,2,0,MZ
2136,2014-11-29,3,4,2,0,MZ
2137,2014-11-28,3,4,2,0,MZ
2138,2014-11-27,3,4,2,0,MZ
2139,2014-11-26,3,4,2,0,MZ
2140,2014-11-25,3,4,2,0,MZ
2141,2014-11-24,3,4,2,0,MZ
2142,2014-11-23,3,4,2,0,MZ
2143,2014-11-22,3,4,2,0,MZ
2144,2014-11-21,3,4,2,0,MZ
2145,2014-11-20,3,4,2,0,MZ
2146,2014-11-19,3,4,1,0,MZ
2147,2014-11-18,3,4,1,0,MZ
2148,2014-11-17,3,4,0,0,MZ
2149,2014-11-16,3,4,0,0,MZ
2150,2014-11-15,3,4,0,0,MZ
2151,2014-11-14,3,4,0,0,MZ
2152,2014-11-13,3,4,0,0,MZ
2153,2014-11-12,3,4,0,0,MZ
2154,2014-11-11,3,4,0,0,MZ
2155,2014-11-10,3,4,0,0,MZ
2156,2014-11-09,3,4,0,0,MZ
2157,2014-11-08,3,4,0,0,MZ
2158,2014-11-07,3,4,0,0,MZ
2159,2014-11-06,3,4,0,0,MZ
2160,2014-11-05,3,4,0,0,MZ
2161,2014-11-04,3,4,0,0,MZ
2162,2014-11-03,3,4,0,0,MZ
2163,2014-11-02,3,4,0,0,MZ
2164,2014-11-01,3,4,0,0,MZ
2165,2014-10-31,3,4,0,0,MZ
2166,2014-10-30,3,4,0,0,MZ
2167,2014-10-29,3,4,0,0,MZ
2168,2014-10-28,3,4,0,0,MZ
2169,2014-10-27,3,4,0,0,MZ
2170,2014-10-26,3,4,0,0,MZ
2171,2014-10-25,3,4,0,0,MZ
2172,2014-10-24,3,4,0,0,MZ
2173,2014-10-23,3,4,0,0,MZ
2174,2014-10-22,3,4,0,0,MZ
2175,2014-10-21,3,4,0,0,MZ
2176,2014-10-20,3,4,0,0,MZ
2177,2014-10-19,3,4,0,0,MZ
2178,2014-10-18,3,4,0,0,MZ
2179,2014-10-17,3,4,0,0,MZ
2180,2014-10-16,3,4,0,0,MZ
2181,2014-10-15,3,4,0,0,MZ
2182,2014-10-14,3,4,0,0,MZ
2183,2014-10-13,3,4,0,0,MZ
2184,2014-10-12,3,4,0,0,MZ
2185,2014-10-11,3,4,0,0,MZ
2186,2014-10-10,3,4,0,0,MZ
2187,2014-10-09,3,4,0,0,MZ
2188,2014-10-08,3,4,0,0,MZ
2189,2014-10-07,3,4,0,0,MZ
2190,2014-10-06,3,4,0,0,MZ
2191,2014-10-05,3,4,0,0,MZ
2192,2014-10-04,3,4,0,0,MZ
2193,2014-10-03,3,4,0,0,MZ
2194,2014-10-02,3,4,0,0,MZ
2195,2014-10-01,3,4,0,0,MZ
2196,2014-09-30,3,4,0,0,MZ
2197,2014-09-29,3,4,0,0,MZ
2198,2014-09-28,3,4,0,0,MZ
2199,2014-09-27,3,4,0,0,MZ
2200,2014-09-26,3,4,0,0,MZ
2201,2014-09-25,3,4,0,0,MZ
2202,2014-09-24,3,4,0,0,MZ
2203,2014-09-23,2,4,1,0,MZ
2204,2014-09-22,2,4,1,0,MZ
2205,2014-09-21,2,4,1,0,MZ
2206,2014-09-20,2,4,1,0,MZ
2207,2014-09-19,2,4,1,0,MZ
2208,2014-09-18,2,4,1,0,MZ
2209,2014-09-17,2,4,1,0,MZ
2210,2014-09-16,2,4,1,0,MZ
2211,2014-09-15,2,4,1,0,MZ
2212,2014-09-14,2,4,1,0,MZ
2213,2014-09-13,2,4,1,0,MZ
2214,2014-09-12,2,4,1,0,MZ
2215,2014-09-11,2,4,1,0,MZ
2216,2014-09-10,1,4,2,0,MZ
2217,2014-09-09,0,4,0,0,MZ
2218,2014-09-08,0,4,0,0,MZ
2219,2014-09-07,0,4,0,0,MZ
2220,2014-09-06,0,4,0,0,MZ
2221,2014-09-05,0,4,0,0,MZ
2222,2014-09-04,0,4,0,0,MZ
2223,2014-09-03,0,4,0,0,MZ
2224,2014-09-02,0,4,0,0,MZ
2225,2014-09-01,0,4,0,0,MZ
2226,2014-08-31,0,4,0,0,MZ
2227,2014-08-30,0,4,0,0,MZ
2228,2014-08-29,0,4,0,0,MZ
2229,2014-08-28,0,4,0,0,MZ
2230,2014-08-27,0,4,0,0,MZ
2231,2014-08-26,0,4,0,0,MZ
2232,2014-08-25,0,4,0,0,MZ
2233,2014-08-24,0,4,0,0,MZ
2234,2014-08-23,0,4,0,0,MZ
2235,2014-08-22,0,4,0,0,MZ
2236,2014-08-21,0,4,0,0,MZ
2237,2014-08-20,0,4,0,0,MZ
2238,2014-08-19,0,4,0,0,MZ
2239,2014-08-18,0,4,0,0,MZ
2240,2014-08-17,0,4,0,0,MZ
2241,2014-08-16,0,4,0,0,MZ
2242,2014-08-15,0,4,0,0,MZ
2243,2014-08-14,0,4,0,0,MZ
2244,2014-08-13,0,4,0,0,MZ
2245,2014-08-12,0,4,0,0,MZ
2246,2014-08-11,0,4,0,0,MZ
2247,2014-08-10,0,3,0,0,MZ
2248,2014-08-09,0,3,0,0,MZ
2249,2014-08-08,0,4,0,0,MZ
2250,2014-08-07,0,4,0,0,MZ
2251,2014-08-06,0,4,0,0,MZ
2252,2014-08-05,0,4,0,0,MZ
2253,2014-08-04,0,4,0,0,MZ
2254,2014-08-03,0,4,0,0,MZ
2255,2014-08-02,0,4,0,0,MZ
2256,2014-08-01,0,4,0,0,MZ
2257,2014-07-31,0,4,0,0,MZ
2258,2014-07-30,0,4,0,0,MZ
2259,2014-07-29,0,4,0,0,MZ
2260,2014-07-28,0,4,0,0,MZ
2261,2014-07-27,0,4,0,0,MZ
2262,2014-07-26,0,4,0,0,MZ
2263,2014-07-25,0,4,0,0,MZ
2264,2014-07-24,0,4,0,0,MZ
2265,2014-07-23,0,4,0,0,MZ
2266,2014-07-22,0,4,0,0,MZ
2267,2014-07-21,0,4,0,0,MZ
2268,2014-07-20,0,4,0,0,MZ
2269,2014-07-19,0,4,0,0,MZ
2270,2014-07-18,0,4,0,0,MZ
2271,2014-07-17,0,4,0,0,MZ
2272,2014-07-16,0,4,0,0,MZ
2273,2014-07-15,0,4,0,0,MZ
2274,2014-07-14,0,4,0,0,MZ
2275,2014-07-13,0,4,0,0,MZ
2276,2014-07-12,0,4,0,0,MZ
2277,2014-07-11,0,4,0,0,MZ
2278,2014-07-10,0,4,0,0,MZ
2279,2014-07-09,0,4,0,0,MZ
2280,2014-07-08,0,4,0,0,MZ
2281,2014-07-07,0,4,0,0,MZ
2282,2014-07-06,0,4,0,0,MZ
2283,2014-07-05,0,4,0,0,MZ
2284,2014-07-04,0,4,0,0,MZ
2285,2014-07-03,0,4,0,0,MZ
2286,2014-07-02,0,4,0,0,MZ
2287,2014-07-01,0,4,0,0,MZ
2288,2014-06-30,0,4,0,0,MZ
2289,2014-06-29,0,4,0,0,MZ
2290,2014-06-28,0,4,0,0,MZ
2291,2014-06-27,0,4,0,0,MZ
2292,2014-06-26,0,4,0,0,MZ
2293,2014-06-25,0,5,0,0,MZ
2294,2014-06-24,0,4,0,0,MZ
2295,2014-06-23,0,4,0,0,MZ
2296,2014-06-22,0,4,0,0,MZ
2297,2014-06-21,0,4,0,0,MZ
2298,2014-06-20,0,4,0,0,MZ
2299,2014-06-19,0,4,0,0,MZ
2300,2014-06-18,0,4,0,0,MZ
2301,2014-06-17,0,4,0,0,MZ
2302,2014-06-16,0,4,0,0,MZ
2303,2014-06-15,0,4,0,0,MZ
2304,2014-06-14,0,4,0,0,MZ
2305,2014-06-13,0,4,0,0,MZ
